Workbook

Sheet Dashboard
A1: 🍽️ Food Market — รายงานยอดขาย พฤษภาคม 2569
A2: Python → Data sheet → Dashboard อัปเดตอัตโนมัติ • SUMIFS บน Item_Code + Branch
A4: รวมทุกสาขา | C4: อโศก | E4: พระราม 3 | G4: แฟชั่น 3 | I4: แฟชั่น B | K4: เอสพลานาด | M4: ขายเงินสด
A5: =SUM(C5,E5,G5,I5,K5,M5) | C5: =IFERROR(SUMIFS(Data!$G:$G,Data!$B:$B,"อโศก",Data!$A:$A,">="&DATE(2026,5,1),Data!$A:$A,"<="&DATE(2026,5,31)),0) | E5: =IFERROR(SUMIFS(Data!$G:$G,Data!$B:$B,"พระราม 3",Data!$A:$A,">="&DATE(2026,5,1),Data!$A:$A,"<="&DATE(2026,5,31)),0) | G5: =IFERROR(SUMIFS(Data!$G:$G,Data!$B:$B,"แฟชั่น 3",Data!$A:$A,">="&DATE(2026,5,1),Data!$A:$A,"<="&DATE(2026,5,31)),0) | I5: =IFERROR(SUMIFS(Data!$G:$G,Data!$B:$B,"แฟชั่น B",Data!$A:$A,">="&DATE(2026,5,1),Data!$A:$A,"<="&DATE(2026,5,31)),0) | K5: =IFERROR(SUMIFS(Data!$G:$G,Data!$B:$B,"เอสพลานาด",Data!$A:$A,">="&DATE(2026,5,1),Data!$A:$A,"<="&DATE(2026,5,31)),0) | M5: =IFERROR(SUMIFS(Data!$G:$G,Data!$B:$B,"ขายเงินสด",Data!$A:$A,">="&DATE(2026,5,1),Data!$A:$A,"<="&DATE(2026,5,31)),0)
A6: ฿ | C6: ฿ | E6: ฿ | G6: ฿ | I6: ฿ | K6: ฿ | M6: ฿
A8: สาขา | B8: ศ 1/5 | C8: ส 2/5 | D8: อา 3/5 | E8: จ 4/5 | F8: อ 5/5 | G8: พ 6/5 | H8: พฤ 7/5 | I8: ศ 8/5 | J8: ส 9/5 | K8: อา 10/5 | L8: จ 11/5 | M8: อ 12/5 | N8: พ 13/5 | O8: พฤ 14/5 | P8: ศ 15/5 | Q8: ส 16/5 | R8: อา 17/5 | S8: จ 18/5 | T8: อ 19/5 | U8: พ 20/5 | V8: พฤ 21/5 | W8: ศ 22/5 | X8: ส 23/5 | Y8: อา 24/5 | Z8: จ 25/5 | AA8: อ 26/5 | AB8: พ 27/5 | AC8: พฤ 28/5 | AD8: ศ 29/5 | AE8: ส 30/5 | AF8: อา 31/5 | AG8: รวม (฿) | AH8: %
A9: อโศก | B9: =IFERROR(SUMIFS(Data!$G:$G,Data!$B:$B,"อโศก",Data!$A:$A,DATE(2026,5,1)),"—") | C9: =IFERROR(SUMIFS(Data!$G:$G,Data!$B:$B,"อโศก",Data!$A:$A,DATE(2026,5,2)),"—") | D9: =IFERROR(SUMIFS(Data!$G:$G,Data!$B:$B,"อโศก",Data!$A:$A,DATE(2026,5,3)),"—") | E9: =IFERROR(SUMIFS(Data!$G:$G,Data!$B:$B,"อโศก",Data!$A:$A,DATE(2026,5,4)),"—") | F9: =IFERROR(SUMIFS(Data!$G:$G,Data!$B:$B,"อโศก",Data!$A:$A,DATE(2026,5,5)),"—") | G9: =IFERROR(SUMIFS(Data!$G:$G,Data!$B:$B,"อโศก",Data!$A:$A,DATE(2026,5,6)),"—") | H9: =IFERROR(SUMIFS(Data!$G:$G,Data!$B:$B,"อโศก",Data!$A:$A,DATE(2026,5,7)),"—") | I9: =IFERROR(SUMIFS(Data!$G:$G,Data!$B:$B,"อโศก",Data!$A:$A,DATE(2026,5,8)),"—") | J9: =IFERROR(SUMIFS(Data!$G:$G,Data!$B:$B,"อโศก",Data!$A:$A,DATE(2026,5,9)),"—") | K9: =IFERROR(SUMIFS(Data!$G:$G,Data!$B:$B,"อโศก",Data!$A:$A,DATE(2026,5,10)),"—") | L9: =IFERROR(SUMIFS(Data!$G:$G,Data!$B:$B,"อโศก",Data!$A:$A,DATE(2026,5,11)),"—") | M9: =IFERROR(SUMIFS(Data!$G:$G,Data!$B:$B,"อโศก",Data!$A:$A,DATE(2026,5,12)),"—") | N9: =IFERROR(SUMIFS(Data!$G:$G,Data!$B:$B,"อโศก",Data!$A:$A,DATE(2026,5,13)),"—") | O9: =IFERROR(SUMIFS(Data!$G:$G,Data!$B:$B,"อโศก",Data!$A:$A,DATE(2026,5,14)),"—") | P9: =IFERROR(SUMIFS(Data!$G:$G,Data!$B:$B,"อโศก",Data!$A:$A,DATE(2026,5,15)),"—") | Q9: =IFERROR(SUMIFS(Data!$G:$G,Data!$B:$B,"อโศก",Data!$A:$A,DATE(2026,5,16)),"—") | R9: =IFERROR(SUMIFS(Data!$G:$G,Data!$B:$B,"อโศก",Data!$A:$A,DATE(2026,5,17)),"—") | S9: =IFERROR(SUMIFS(Data!$G:$G,Data!$B:$B,"อโศก",Data!$A:$A,DATE(2026,5,18)),"—") | T9: =IFERROR(SUMIFS(Data!$G:$G,Data!$B:$B,"อโศก",Data!$A:$A,DATE(2026,5,19)),"—") | U9: =IFERROR(SUMIFS(Data!$G:$G,Data!$B:$B,"อโศก",Data!$A:$A,DATE(2026,5,20)),"—") | V9: =IFERROR(SUMIFS(Data!$G:$G,Data!$B:$B,"อโศก",Data!$A:$A,DATE(2026,5,21)),"—") | W9: =IFERROR(SUMIFS(Data!$G:$G,Data!$B:$B,"อโศก",Data!$A:$A,DATE(2026,5,22)),"—") | X9: =IFERROR(SUMIFS(Data!$G:$G,Data!$B:$B,"อโศก",Data!$A:$A,DATE(2026,5,23)),"—") | Y9: =IFERROR(SUMIFS(Data!$G:$G,Data!$B:$B,"อโศก",Data!$A:$A,DATE(2026,5,24)),"—") | Z9: =IFERROR(SUMIFS(Data!$G:$G,Data!$B:$B,"อโศก",Data!$A:$A,DATE(2026,5,25)),"—") | AA9: =IFERROR(SUMIFS(Data!$G:$G,Data!$B:$B,"อโศก",Data!$A:$A,DATE(2026,5,26)),"—") | AB9: =IFERROR(SUMIFS(Data!$G:$G,Data!$B:$B,"อโศก",Data!$A:$A,DATE(2026,5,27)),"—") | AC9: =IFERROR(SUMIFS(Data!$G:$G,Data!$B:$B,"อโศก",Data!$A:$A,DATE(2026,5,28)),"—") | AD9: =IFERROR(SUMIFS(Data!$G:$G,Data!$B:$B,"อโศก",Data!$A:$A,DATE(2026,5,29)),"—") | AE9: =IFERROR(SUMIFS(Data!$G:$G,Data!$B:$B,"อโศก",Data!$A:$A,DATE(2026,5,30)),"—") | AF9: =IFERROR(SUMIFS(Data!$G:$G,Data!$B:$B,"อโศก",Data!$A:$A,DATE(2026,5,31)),"—") | AG9: =IFERROR(SUM(B9:AF9),0) | AH9: =IFERROR(AG9/AG15,0)
A10: พระราม 3 | B10: =IFERROR(SUMIFS(Data!$G:$G,Data!$B:$B,"พระราม 3",Data!$A:$A,DATE(2026,5,1)),"—") | C10: =IFERROR(SUMIFS(Data!$G:$G,Data!$B:$B,"พระราม 3",Data!$A:$A,DATE(2026,5,2)),"—") | D10: =IFERROR(SUMIFS(Data!$G:$G,Data!$B:$B,"พระราม 3",Data!$A:$A,DATE(2026,5,3)),"—") | E10: =IFERROR(SUMIFS(Data!$G:$G,Data!$B:$B,"พระราม 3",Data!$A:$A,DATE(2026,5,4)),"—") | F10: =IFERROR(SUMIFS(Data!$G:$G,Data!$B:$B,"พระราม 3",Data!$A:$A,DATE(2026,5,5)),"—") | G10: =IFERROR(SUMIFS(Data!$G:$G,Data!$B:$B,"พระราม 3",Data!$A:$A,DATE(2026,5,6)),"—") | H10: =IFERROR(SUMIFS(Data!$G:$G,Data!$B:$B,"พระราม 3",Data!$A:$A,DATE(2026,5,7)),"—") | I10: =IFERROR(SUMIFS(Data!$G:$G,Data!$B:$B,"พระราม 3",Data!$A:$A,DATE(2026,5,8)),"—") | J10: =IFERROR(SUMIFS(Data!$G:$G,Data!$B:$B,"พระราม 3",Data!$A:$A,DATE(2026,5,9)),"—") | K10: =IFERROR(SUMIFS(Data!$G:$G,Data!$B:$B,"พระราม 3",Data!$A:$A,DATE(2026,5,10)),"—") | L10: =IFERROR(SUMIFS(Data!$G:$G,Data!$B:$B,"พระราม 3",Data!$A:$A,DATE(2026,5,11)),"—") | M10: =IFERROR(SUMIFS(Data!$G:$G,Data!$B:$B,"พระราม 3",Data!$A:$A,DATE(2026,5,12)),"—") | N10: =IFERROR(SUMIFS(Data!$G:$G,Data!$B:$B,"พระราม 3",Data!$A:$A,DATE(2026,5,13)),"—") | O10: =IFERROR(SUMIFS(Data!$G:$G,Data!$B:$B,"พระราม 3",Data!$A:$A,DATE(2026,5,14)),"—") | P10: =IFERROR(SUMIFS(Data!$G:$G,Data!$B:$B,"พระราม 3",Data!$A:$A,DATE(2026,5,15)),"—") | Q10: =IFERROR(SUMIFS(Data!$G:$G,Data!$B:$B,"พระราม 3",Data!$A:$A,DATE(2026,5,16)),"—") | R10: =IFERROR(SUMIFS(Data!$G:$G,Data!$B:$B,"พระราม 3",Data!$A:$A,DATE(2026,5,17)),"—") | S10: =IFERROR(SUMIFS(Data!$G:$G,Data!$B:$B,"พระราม 3",Data!$A:$A,DATE(2026,5,18)),"—") | T10: =IFERROR(SUMIFS(Data!$G:$G,Data!$B:$B,"พระราม 3",Data!$A:$A,DATE(2026,5,19)),"—") | U10: =IFERROR(SUMIFS(Data!$G:$G,Data!$B:$B,"พระราม 3",Data!$A:$A,DATE(2026,5,20)),"—") | V10: =IFERROR(SUMIFS(Data!$G:$G,Data!$B:$B,"พระราม 3",Data!$A:$A,DATE(2026,5,21)),"—") | W10: =IFERROR(SUMIFS(Data!$G:$G,Data!$B:$B,"พระราม 3",Data!$A:$A,DATE(2026,5,22)),"—") | X10: =IFERROR(SUMIFS(Data!$G:$G,Data!$B:$B,"พระราม 3",Data!$A:$A,DATE(2026,5,23)),"—") | Y10: =IFERROR(SUMIFS(Data!$G:$G,Data!$B:$B,"พระราม 3",Data!$A:$A,DATE(2026,5,24)),"—") | Z10: =IFERROR(SUMIFS(Data!$G:$G,Data!$B:$B,"พระราม 3",Data!$A:$A,DATE(2026,5,25)),"—") | AA10: =IFERROR(SUMIFS(Data!$G:$G,Data!$B:$B,"พระราม 3",Data!$A:$A,DATE(2026,5,26)),"—") | AB10: =IFERROR(SUMIFS(Data!$G:$G,Data!$B:$B,"พระราม 3",Data!$A:$A,DATE(2026,5,27)),"—") | AC10: =IFERROR(SUMIFS(Data!$G:$G,Data!$B:$B,"พระราม 3",Data!$A:$A,DATE(2026,5,28)),"—") | AD10: =IFERROR(SUMIFS(Data!$G:$G,Data!$B:$B,"พระราม 3",Data!$A:$A,DATE(2026,5,29)),"—") | AE10: =IFERROR(SUMIFS(Data!$G:$G,Data!$B:$B,"พระราม 3",Data!$A:$A,DATE(2026,5,30)),"—") | AF10: =IFERROR(SUMIFS(Data!$G:$G,Data!$B:$B,"พระราม 3",Data!$A:$A,DATE(2026,5,31)),"—") | AG10: =IFERROR(SUM(B10:AF10),0) | AH10: =IFERROR(AG10/AG15,0)
A11: แฟชั่น 3 | B11: =IFERROR(SUMIFS(Data!$G:$G,Data!$B:$B,"แฟชั่น 3",Data!$A:$A,DATE(2026,5,1)),"—") | C11: =IFERROR(SUMIFS(Data!$G:$G,Data!$B:$B,"แฟชั่น 3",Data!$A:$A,DATE(2026,5,2)),"—") | D11: =IFERROR(SUMIFS(Data!$G:$G,Data!$B:$B,"แฟชั่น 3",Data!$A:$A,DATE(2026,5,3)),"—") | E11: =IFERROR(SUMIFS(Data!$G:$G,Data!$B:$B,"แฟชั่น 3",Data!$A:$A,DATE(2026,5,4)),"—") | F11: =IFERROR(SUMIFS(Data!$G:$G,Data!$B:$B,"แฟชั่น 3",Data!$A:$A,DATE(2026,5,5)),"—") | G11: =IFERROR(SUMIFS(Data!$G:$G,Data!$B:$B,"แฟชั่น 3",Data!$A:$A,DATE(2026,5,6)),"—") | H11: =IFERROR(SUMIFS(Data!$G:$G,Data!$B:$B,"แฟชั่น 3",Data!$A:$A,DATE(2026,5,7)),"—") | I11: =IFERROR(SUMIFS(Data!$G:$G,Data!$B:$B,"แฟชั่น 3",Data!$A:$A,DATE(2026,5,8)),"—") | J11: =IFERROR(SUMIFS(Data!$G:$G,Data!$B:$B,"แฟชั่น 3",Data!$A:$A,DATE(2026,5,9)),"—") | K11: =IFERROR(SUMIFS(Data!$G:$G,Data!$B:$B,"แฟชั่น 3",Data!$A:$A,DATE(2026,5,10)),"—") | L11: =IFERROR(SUMIFS(Data!$G:$G,Data!$B:$B,"แฟชั่น 3",Data!$A:$A,DATE(2026,5,11)),"—") | M11: =IFERROR(SUMIFS(Data!$G:$G,Data!$B:$B,"แฟชั่น 3",Data!$A:$A,DATE(2026,5,12)),"—") | N11: =IFERROR(SUMIFS(Data!$G:$G,Data!$B:$B,"แฟชั่น 3",Data!$A:$A,DATE(2026,5,13)),"—") | O11: =IFERROR(SUMIFS(Data!$G:$G,Data!$B:$B,"แฟชั่น 3",Data!$A:$A,DATE(2026,5,14)),"—") | P11: =IFERROR(SUMIFS(Data!$G:$G,Data!$B:$B,"แฟชั่น 3",Data!$A:$A,DATE(2026,5,15)),"—") | Q11: =IFERROR(SUMIFS(Data!$G:$G,Data!$B:$B,"แฟชั่น 3",Data!$A:$A,DATE(2026,5,16)),"—") | R11: =IFERROR(SUMIFS(Data!$G:$G,Data!$B:$B,"แฟชั่น 3",Data!$A:$A,DATE(2026,5,17)),"—") | S11: =IFERROR(SUMIFS(Data!$G:$G,Data!$B:$B,"แฟชั่น 3",Data!$A:$A,DATE(2026,5,18)),"—") | T11: =IFERROR(SUMIFS(Data!$G:$G,Data!$B:$B,"แฟชั่น 3",Data!$A:$A,DATE(2026,5,19)),"—") | U11: =IFERROR(SUMIFS(Data!$G:$G,Data!$B:$B,"แฟชั่น 3",Data!$A:$A,DATE(2026,5,20)),"—") | V11: =IFERROR(SUMIFS(Data!$G:$G,Data!$B:$B,"แฟชั่น 3",Data!$A:$A,DATE(2026,5,21)),"—") | W11: =IFERROR(SUMIFS(Data!$G:$G,Data!$B:$B,"แฟชั่น 3",Data!$A:$A,DATE(2026,5,22)),"—") | X11: =IFERROR(SUMIFS(Data!$G:$G,Data!$B:$B,"แฟชั่น 3",Data!$A:$A,DATE(2026,5,23)),"—") | Y11: =IFERROR(SUMIFS(Data!$G:$G,Data!$B:$B,"แฟชั่น 3",Data!$A:$A,DATE(2026,5,24)),"—") | Z11: =IFERROR(SUMIFS(Data!$G:$G,Data!$B:$B,"แฟชั่น 3",Data!$A:$A,DATE(2026,5,25)),"—") | AA11: =IFERROR(SUMIFS(Data!$G:$G,Data!$B:$B,"แฟชั่น 3",Data!$A:$A,DATE(2026,5,26)),"—") | AB11: =IFERROR(SUMIFS(Data!$G:$G,Data!$B:$B,"แฟชั่น 3",Data!$A:$A,DATE(2026,5,27)),"—") | AC11: =IFERROR(SUMIFS(Data!$G:$G,Data!$B:$B,"แฟชั่น 3",Data!$A:$A,DATE(2026,5,28)),"—") | AD11: =IFERROR(SUMIFS(Data!$G:$G,Data!$B:$B,"แฟชั่น 3",Data!$A:$A,DATE(2026,5,29)),"—") | AE11: =IFERROR(SUMIFS(Data!$G:$G,Data!$B:$B,"แฟชั่น 3",Data!$A:$A,DATE(2026,5,30)),"—") | AF11: =IFERROR(SUMIFS(Data!$G:$G,Data!$B:$B,"แฟชั่น 3",Data!$A:$A,DATE(2026,5,31)),"—") | AG11: =IFERROR(SUM(B11:AF11),0) | AH11: =IFERROR(AG11/AG15,0)
A12: แฟชั่น B | B12: =IFERROR(SUMIFS(Data!$G:$G,Data!$B:$B,"แฟชั่น B",Data!$A:$A,DATE(2026,5,1)),"—") | C12: =IFERROR(SUMIFS(Data!$G:$G,Data!$B:$B,"แฟชั่น B",Data!$A:$A,DATE(2026,5,2)),"—") | D12: =IFERROR(SUMIFS(Data!$G:$G,Data!$B:$B,"แฟชั่น B",Data!$A:$A,DATE(2026,5,3)),"—") | E12: =IFERROR(SUMIFS(Data!$G:$G,Data!$B:$B,"แฟชั่น B",Data!$A:$A,DATE(2026,5,4)),"—") | F12: =IFERROR(SUMIFS(Data!$G:$G,Data!$B:$B,"แฟชั่น B",Data!$A:$A,DATE(2026,5,5)),"—") | G12: =IFERROR(SUMIFS(Data!$G:$G,Data!$B:$B,"แฟชั่น B",Data!$A:$A,DATE(2026,5,6)),"—") | H12: =IFERROR(SUMIFS(Data!$G:$G,Data!$B:$B,"แฟชั่น B",Data!$A:$A,DATE(2026,5,7)),"—") | I12: =IFERROR(SUMIFS(Data!$G:$G,Data!$B:$B,"แฟชั่น B",Data!$A:$A,DATE(2026,5,8)),"—") | J12: =IFERROR(SUMIFS(Data!$G:$G,Data!$B:$B,"แฟชั่น B",Data!$A:$A,DATE(2026,5,9)),"—") | K12: =IFERROR(SUMIFS(Data!$G:$G,Data!$B:$B,"แฟชั่น B",Data!$A:$A,DATE(2026,5,10)),"—") | L12: =IFERROR(SUMIFS(Data!$G:$G,Data!$B:$B,"แฟชั่น B",Data!$A:$A,DATE(2026,5,11)),"—") | M12: =IFERROR(SUMIFS(Data!$G:$G,Data!$B:$B,"แฟชั่น B",Data!$A:$A,DATE(2026,5,12)),"—") | N12: =IFERROR(SUMIFS(Data!$G:$G,Data!$B:$B,"แฟชั่น B",Data!$A:$A,DATE(2026,5,13)),"—") | O12: =IFERROR(SUMIFS(Data!$G:$G,Data!$B:$B,"แฟชั่น B",Data!$A:$A,DATE(2026,5,14)),"—") | P12: =IFERROR(SUMIFS(Data!$G:$G,Data!$B:$B,"แฟชั่น B",Data!$A:$A,DATE(2026,5,15)),"—") | Q12: =IFERROR(SUMIFS(Data!$G:$G,Data!$B:$B,"แฟชั่น B",Data!$A:$A,DATE(2026,5,16)),"—") | R12: =IFERROR(SUMIFS(Data!$G:$G,Data!$B:$B,"แฟชั่น B",Data!$A:$A,DATE(2026,5,17)),"—") | S12: =IFERROR(SUMIFS(Data!$G:$G,Data!$B:$B,"แฟชั่น B",Data!$A:$A,DATE(2026,5,18)),"—") | T12: =IFERROR(SUMIFS(Data!$G:$G,Data!$B:$B,"แฟชั่น B",Data!$A:$A,DATE(2026,5,19)),"—") | U12: =IFERROR(SUMIFS(Data!$G:$G,Data!$B:$B,"แฟชั่น B",Data!$A:$A,DATE(2026,5,20)),"—") | V12: =IFERROR(SUMIFS(Data!$G:$G,Data!$B:$B,"แฟชั่น B",Data!$A:$A,DATE(2026,5,21)),"—") | W12: =IFERROR(SUMIFS(Data!$G:$G,Data!$B:$B,"แฟชั่น B",Data!$A:$A,DATE(2026,5,22)),"—") | X12: =IFERROR(SUMIFS(Data!$G:$G,Data!$B:$B,"แฟชั่น B",Data!$A:$A,DATE(2026,5,23)),"—") | Y12: =IFERROR(SUMIFS(Data!$G:$G,Data!$B:$B,"แฟชั่น B",Data!$A:$A,DATE(2026,5,24)),"—") | Z12: =IFERROR(SUMIFS(Data!$G:$G,Data!$B:$B,"แฟชั่น B",Data!$A:$A,DATE(2026,5,25)),"—") | AA12: =IFERROR(SUMIFS(Data!$G:$G,Data!$B:$B,"แฟชั่น B",Data!$A:$A,DATE(2026,5,26)),"—") | AB12: =IFERROR(SUMIFS(Data!$G:$G,Data!$B:$B,"แฟชั่น B",Data!$A:$A,DATE(2026,5,27)),"—") | AC12: =IFERROR(SUMIFS(Data!$G:$G,Data!$B:$B,"แฟชั่น B",Data!$A:$A,DATE(2026,5,28)),"—") | AD12: =IFERROR(SUMIFS(Data!$G:$G,Data!$B:$B,"แฟชั่น B",Data!$A:$A,DATE(2026,5,29)),"—") | AE12: =IFERROR(SUMIFS(Data!$G:$G,Data!$B:$B,"แฟชั่น B",Data!$A:$A,DATE(2026,5,30)),"—") | AF12: =IFERROR(SUMIFS(Data!$G:$G,Data!$B:$B,"แฟชั่น B",Data!$A:$A,DATE(2026,5,31)),"—") | AG12: =IFERROR(SUM(B12:AF12),0) | AH12: =IFERROR(AG12/AG15,0)
A13: เอสพลานาด | B13: =IFERROR(SUMIFS(Data!$G:$G,Data!$B:$B,"เอสพลานาด",Data!$A:$A,DATE(2026,5,1)),"—") | C13: =IFERROR(SUMIFS(Data!$G:$G,Data!$B:$B,"เอสพลานาด",Data!$A:$A,DATE(2026,5,2)),"—") | D13: =IFERROR(SUMIFS(Data!$G:$G,Data!$B:$B,"เอสพลานาด",Data!$A:$A,DATE(2026,5,3)),"—") | E13: =IFERROR(SUMIFS(Data!$G:$G,Data!$B:$B,"เอสพลานาด",Data!$A:$A,DATE(2026,5,4)),"—") | F13: =IFERROR(SUMIFS(Data!$G:$G,Data!$B:$B,"เอสพลานาด",Data!$A:$A,DATE(2026,5,5)),"—") | G13: =IFERROR(SUMIFS(Data!$G:$G,Data!$B:$B,"เอสพลานาด",Data!$A:$A,DATE(2026,5,6)),"—") | H13: =IFERROR(SUMIFS(Data!$G:$G,Data!$B:$B,"เอสพลานาด",Data!$A:$A,DATE(2026,5,7)),"—") | I13: =IFERROR(SUMIFS(Data!$G:$G,Data!$B:$B,"เอสพลานาด",Data!$A:$A,DATE(2026,5,8)),"—") | J13: =IFERROR(SUMIFS(Data!$G:$G,Data!$B:$B,"เอสพลานาด",Data!$A:$A,DATE(2026,5,9)),"—") | K13: =IFERROR(SUMIFS(Data!$G:$G,Data!$B:$B,"เอสพลานาด",Data!$A:$A,DATE(2026,5,10)),"—") | L13: =IFERROR(SUMIFS(Data!$G:$G,Data!$B:$B,"เอสพลานาด",Data!$A:$A,DATE(2026,5,11)),"—") | M13: =IFERROR(SUMIFS(Data!$G:$G,Data!$B:$B,"เอสพลานาด",Data!$A:$A,DATE(2026,5,12)),"—") | N13: =IFERROR(SUMIFS(Data!$G:$G,Data!$B:$B,"เอสพลานาด",Data!$A:$A,DATE(2026,5,13)),"—") | O13: =IFERROR(SUMIFS(Data!$G:$G,Data!$B:$B,"เอสพลานาด",Data!$A:$A,DATE(2026,5,14)),"—") | P13: =IFERROR(SUMIFS(Data!$G:$G,Data!$B:$B,"เอสพลานาด",Data!$A:$A,DATE(2026,5,15)),"—") | Q13: =IFERROR(SUMIFS(Data!$G:$G,Data!$B:$B,"เอสพลานาด",Data!$A:$A,DATE(2026,5,16)),"—") | R13: =IFERROR(SUMIFS(Data!$G:$G,Data!$B:$B,"เอสพลานาด",Data!$A:$A,DATE(2026,5,17)),"—") | S13: =IFERROR(SUMIFS(Data!$G:$G,Data!$B:$B,"เอสพลานาด",Data!$A:$A,DATE(2026,5,18)),"—") | T13: =IFERROR(SUMIFS(Data!$G:$G,Data!$B:$B,"เอสพลานาด",Data!$A:$A,DATE(2026,5,19)),"—") | U13: =IFERROR(SUMIFS(Data!$G:$G,Data!$B:$B,"เอสพลานาด",Data!$A:$A,DATE(2026,5,20)),"—") | V13: =IFERROR(SUMIFS(Data!$G:$G,Data!$B:$B,"เอสพลานาด",Data!$A:$A,DATE(2026,5,21)),"—") | W13: =IFERROR(SUMIFS(Data!$G:$G,Data!$B:$B,"เอสพลานาด",Data!$A:$A,DATE(2026,5,22)),"—") | X13: =IFERROR(SUMIFS(Data!$G:$G,Data!$B:$B,"เอสพลานาด",Data!$A:$A,DATE(2026,5,23)),"—") | Y13: =IFERROR(SUMIFS(Data!$G:$G,Data!$B:$B,"เอสพลานาด",Data!$A:$A,DATE(2026,5,24)),"—") | Z13: =IFERROR(SUMIFS(Data!$G:$G,Data!$B:$B,"เอสพลานาด",Data!$A:$A,DATE(2026,5,25)),"—") | AA13: =IFERROR(SUMIFS(Data!$G:$G,Data!$B:$B,"เอสพลานาด",Data!$A:$A,DATE(2026,5,26)),"—") | AB13: =IFERROR(SUMIFS(Data!$G:$G,Data!$B:$B,"เอสพลานาด",Data!$A:$A,DATE(2026,5,27)),"—") | AC13: =IFERROR(SUMIFS(Data!$G:$G,Data!$B:$B,"เอสพลานาด",Data!$A:$A,DATE(2026,5,28)),"—") | AD13: =IFERROR(SUMIFS(Data!$G:$G,Data!$B:$B,"เอสพลานาด",Data!$A:$A,DATE(2026,5,29)),"—") | AE13: =IFERROR(SUMIFS(Data!$G:$G,Data!$B:$B,"เอสพลานาด",Data!$A:$A,DATE(2026,5,30)),"—") | AF13: =IFERROR(SUMIFS(Data!$G:$G,Data!$B:$B,"เอสพลานาด",Data!$A:$A,DATE(2026,5,31)),"—") | AG13: =IFERROR(SUM(B13:AF13),0) | AH13: =IFERROR(AG13/AG15,0)
A14: ขายเงินสด | B14: =IFERROR(SUMIFS(Data!$G:$G,Data!$B:$B,"ขายเงินสด",Data!$A:$A,DATE(2026,5,1)),"—") | C14: =IFERROR(SUMIFS(Data!$G:$G,Data!$B:$B,"ขายเงินสด",Data!$A:$A,DATE(2026,5,2)),"—") | D14: =IFERROR(SUMIFS(Data!$G:$G,Data!$B:$B,"ขายเงินสด",Data!$A:$A,DATE(2026,5,3)),"—") | E14: =IFERROR(SUMIFS(Data!$G:$G,Data!$B:$B,"ขายเงินสด",Data!$A:$A,DATE(2026,5,4)),"—") | F14: =IFERROR(SUMIFS(Data!$G:$G,Data!$B:$B,"ขายเงินสด",Data!$A:$A,DATE(2026,5,5)),"—") | G14: =IFERROR(SUMIFS(Data!$G:$G,Data!$B:$B,"ขายเงินสด",Data!$A:$A,DATE(2026,5,6)),"—") | H14: =IFERROR(SUMIFS(Data!$G:$G,Data!$B:$B,"ขายเงินสด",Data!$A:$A,DATE(2026,5,7)),"—") | I14: =IFERROR(SUMIFS(Data!$G:$G,Data!$B:$B,"ขายเงินสด",Data!$A:$A,DATE(2026,5,8)),"—") | J14: =IFERROR(SUMIFS(Data!$G:$G,Data!$B:$B,"ขายเงินสด",Data!$A:$A,DATE(2026,5,9)),"—") | K14: =IFERROR(SUMIFS(Data!$G:$G,Data!$B:$B,"ขายเงินสด",Data!$A:$A,DATE(2026,5,10)),"—") | L14: =IFERROR(SUMIFS(Data!$G:$G,Data!$B:$B,"ขายเงินสด",Data!$A:$A,DATE(2026,5,11)),"—") | M14: =IFERROR(SUMIFS(Data!$G:$G,Data!$B:$B,"ขายเงินสด",Data!$A:$A,DATE(2026,5,12)),"—") | N14: =IFERROR(SUMIFS(Data!$G:$G,Data!$B:$B,"ขายเงินสด",Data!$A:$A,DATE(2026,5,13)),"—") | O14: =IFERROR(SUMIFS(Data!$G:$G,Data!$B:$B,"ขายเงินสด",Data!$A:$A,DATE(2026,5,14)),"—") | P14: =IFERROR(SUMIFS(Data!$G:$G,Data!$B:$B,"ขายเงินสด",Data!$A:$A,DATE(2026,5,15)),"—") | Q14: =IFERROR(SUMIFS(Data!$G:$G,Data!$B:$B,"ขายเงินสด",Data!$A:$A,DATE(2026,5,16)),"—") | R14: =IFERROR(SUMIFS(Data!$G:$G,Data!$B:$B,"ขายเงินสด",Data!$A:$A,DATE(2026,5,17)),"—") | S14: =IFERROR(SUMIFS(Data!$G:$G,Data!$B:$B,"ขายเงินสด",Data!$A:$A,DATE(2026,5,18)),"—") | T14: =IFERROR(SUMIFS(Data!$G:$G,Data!$B:$B,"ขายเงินสด",Data!$A:$A,DATE(2026,5,19)),"—") | U14: =IFERROR(SUMIFS(Data!$G:$G,Data!$B:$B,"ขายเงินสด",Data!$A:$A,DATE(2026,5,20)),"—") | V14: =IFERROR(SUMIFS(Data!$G:$G,Data!$B:$B,"ขายเงินสด",Data!$A:$A,DATE(2026,5,21)),"—") | W14: =IFERROR(SUMIFS(Data!$G:$G,Data!$B:$B,"ขายเงินสด",Data!$A:$A,DATE(2026,5,22)),"—") | X14: =IFERROR(SUMIFS(Data!$G:$G,Data!$B:$B,"ขายเงินสด",Data!$A:$A,DATE(2026,5,23)),"—") | Y14: =IFERROR(SUMIFS(Data!$G:$G,Data!$B:$B,"ขายเงินสด",Data!$A:$A,DATE(2026,5,24)),"—") | Z14: =IFERROR(SUMIFS(Data!$G:$G,Data!$B:$B,"ขายเงินสด",Data!$A:$A,DATE(2026,5,25)),"—") | AA14: =IFERROR(SUMIFS(Data!$G:$G,Data!$B:$B,"ขายเงินสด",Data!$A:$A,DATE(2026,5,26)),"—") | AB14: =IFERROR(SUMIFS(Data!$G:$G,Data!$B:$B,"ขายเงินสด",Data!$A:$A,DATE(2026,5,27)),"—") | AC14: =IFERROR(SUMIFS(Data!$G:$G,Data!$B:$B,"ขายเงินสด",Data!$A:$A,DATE(2026,5,28)),"—") | AD14: =IFERROR(SUMIFS(Data!$G:$G,Data!$B:$B,"ขายเงินสด",Data!$A:$A,DATE(2026,5,29)),"—") | AE14: =IFERROR(SUMIFS(Data!$G:$G,Data!$B:$B,"ขายเงินสด",Data!$A:$A,DATE(2026,5,30)),"—") | AF14: =IFERROR(SUMIFS(Data!$G:$G,Data!$B:$B,"ขายเงินสด",Data!$A:$A,DATE(2026,5,31)),"—") | AG14: =IFERROR(SUM(B14:AF14),0) | AH14: =IFERROR(AG14/AG15,0)
A15: รวมทุกสาขา | B15: =IFERROR(SUM(B9:B14),0) | C15: =IFERROR(SUM(C9:C14),0) | D15: =IFERROR(SUM(D9:D14),0) | E15: =IFERROR(SUM(E9:E14),0) | F15: =IFERROR(SUM(F9:F14),0) | G15: =IFERROR(SUM(G9:G14),0) | H15: =IFERROR(SUM(H9:H14),0) | I15: =IFERROR(SUM(I9:I14),0) | ... AG15: =IFERROR(SUM(AG9:AG14),0) | AH15: 100.0%
A17: 💰 ยอดรับเงิน (งวด 1–15 / 16–31)
A18: สาขา | B18: ยอดขาย 1-15 | C18: ยอดรับ 1-15 | D18: ยอดขาย 16-31 | E18: ยอดรับ 16-31 | F18: ยอดขายรวม | G18: ยอดรับรวม
A19: อโศก | B19: =IFERROR(SUMIFS(Data!$G:$G,Data!$B:$B,"อโศก",Data!$A:$A,">="&DATE(2026,5,1),Data!$A:$A,"<="&DATE(2026,5,15)),0) | C19: =B19*0.9803738318 | D19: =IFERROR(SUMIFS(Data!$G:$G,Data!$B:$B,"อโศก",Data!$A:$A,">="&DATE(2026,5,16),Data!$A:$A,"<="&DATE(2026,5,31)),0) | E19: =D19*0.9803738318 | F19: =B19+D19 | G19: =C19+E19
A20: พระราม 3 | B20: =IFERROR(SUMIFS(Data!$G:$G,Data!$B:$B,"พระราม 3",Data!$A:$A,">="&DATE(2026,5,1),Data!$A:$A,"<="&DATE(2026,5,15)),0) | C20: =B20*0.9803738318 | D20: =IFERROR(SUMIFS(Data!$G:$G,Data!$B:$B,"พระราม 3",Data!$A:$A,">="&DATE(2026,5,16),Data!$A:$A,"<="&DATE(2026,5,31)),0) | E20: =D20*0.9803738318 | F20: =B20+D20 | G20: =C20+E20
A21: แฟชั่น 3 | B21: =IFERROR(SUMIFS(Data!$G:$G,Data!$B:$B,"แฟชั่น 3",Data!$A:$A,">="&DATE(2026,5,1),Data!$A:$A,"<="&DATE(2026,5,15)),0) | C21: =B21*0.7 | D21: =IFERROR(SUMIFS(Data!$G:$G,Data!$B:$B,"แฟชั่น 3",Data!$A:$A,">="&DATE(2026,5,16),Data!$A:$A,"<="&DATE(2026,5,31)),0) | E21: =D21*0.7 | F21: =B21+D21 | G21: =C21+E21
A22: แฟชั่น B | B22: =IFERROR(SUMIFS(Data!$G:$G,Data!$B:$B,"แฟชั่น B",Data!$A:$A,">="&DATE(2026,5,1),Data!$A:$A,"<="&DATE(2026,5,15)),0) | C22: =B22*0.7 | D22: =IFERROR(SUMIFS(Data!$G:$G,Data!$B:$B,"แฟชั่น B",Data!$A:$A,">="&DATE(2026,5,16),Data!$A:$A,"<="&DATE(2026,5,31)),0) | E22: =D22*0.7 | F22: =B22+D22 | G22: =C22+E22
A23: เอสพลานาด | B23: =IFERROR(SUMIFS(Data!$G:$G,Data!$B:$B,"เอสพลานาด",Data!$A:$A,">="&DATE(2026,5,1),Data!$A:$A,"<="&DATE(2026,5,15)),0) | C23: =B23*0.7111 | D23: =IFERROR(SUMIFS(Data!$G:$G,Data!$B:$B,"เอสพลานาด",Data!$A:$A,">="&DATE(2026,5,16),Data!$A:$A,"<="&DATE(2026,5,31)),0) | E23: =D23*0.7111 | F23: =B23+D23 | G23: =C23+E23
A24: ขายเงินสด | B24: =IFERROR(SUMIFS(Data!$G:$G,Data!$B:$B,"ขายเงินสด",Data!$A:$A,">="&DATE(2026,5,1),Data!$A:$A,"<="&DATE(2026,5,15)),0) | C24: =B24*0.9345794393 | D24: =IFERROR(SUMIFS(Data!$G:$G,Data!$B:$B,"ขายเงินสด",Data!$A:$A,">="&DATE(2026,5,16),Data!$A:$A,"<="&DATE(2026,5,31)),0) | E24: =D24*0.9345794393 | F24: =B24+D24 | G24: =C24+E24
A25: รวมทุกสาขา | B25: =IFERROR(SUM(B19:B24),0) | C25: =IFERROR(SUM(C19:C24),0) | D25: =IFERROR(SUM(D19:D24),0) | E25: =IFERROR(SUM(E19:E24),0) | F25: =IFERROR(SUM(F19:F24),0) | G25: =IFERROR(SUM(G19:G24),0)

Sheet Data
A1: date | B1: branch | C1: item_code | D1: item_name | E1: price | F1: qty | G1: amount
A2: YYYY-MM-DD | B2: ชื่อสาขาไทย | C2: รหัสสินค้า | D2: ชื่อเมนู | E2: ราคาต่อจาน | F2: จำนวนจาน | G2: ยอดรวม
A3: ← ตัวอย่าง (Python จะเขียนทับ) | B3: อโศก | C3: ITEM0942 | D3: ข้าวมันไก่ต้ม | E3: 35 | F3: 168 | G3: 5880

Sheet Item Master
A1: Item Master — อ้างอิงจาก item_master.json (อย่าแก้ไข อัปเดตผ่าน Python)
A2: สาขา | B2: Item_Code | C2: ชื่อเมนู | D2: ราคา
A3: อโศก | B3: ITEM0029 | C3: 29 ค่าอาหาร (10 บาท) | D3: 10
A4: อโศก | B4: ITEM0042 | C4: 12 กลับบ้านเพิ่ม | D4: 5
A5: อโศก | B5: ITEM0179 | C5: 22 ค่าอาหาร (15 บาท) | D5: 15
A6: อโศก | B6: ITEM0180 | C6: 23 ค่าอาหาร (20 บาท) | D6: 20
A7: อโศก | B7: ITEM0181 | C7: 24 ค่าอาหาร (30 บาท) | D7: 30
A8: อโศก | B8: ITEM0941 | C8: ข้าวมันไก่สิงคโปร์ | D8: 57
A9: อโศก | B9: ITEM0942 | C9: ข้าวมันไก่ต้ม | D9: 35
A10: อโศก | B10: ITEM0943 | C10: ข้าวมันไก่ทอด | D10: 35
A11: อโศก | B11: ITEM0944 | C11: ข้าวมันไก่ผสม | D11: 40
A12: อโศก | B12: ITEM0945 | C12: ข้าวยำไก่แซ่บ | D12: 38
A13: อโศก | B13: ITEM0946 | C13: ยำแซ่บไก่ฉีก | D13: 32
A14: อโศก | B14: ITEM0947 | C14: ชุดเซต ข้าวมันไก่ต้ม | D14: 100
... A65: เอสพลานาด | B65: FG-ES-RAT-15 | C65: ข้าวมันไก่สิงคโปร์ | D65: 75

Sheet อโศก
A1: สาขา อโศก — ยอดขายรายเมนู พฤษภาคม 2569
A3: Item_Code | B3: ชื่อเมนู | C3: ศ 1/5 | D3: ส 2/5 | E3: อา 3/5 | F3: จ 4/5 | G3: อ 5/5 | H3: พ 6/5 | I3: พฤ 7/5 | J3: ศ 8/5 | K3: ส 9/5 | L3: อา 10/5 | M3: จ 11/5 | N3: อ 12/5 | O3: พ 13/5 | P3: พฤ 14/5 | Q3: ศ 15/5 | R3: ส 16/5 | S3: อา 17/5 | T3: จ 18/5 | U3: อ 19/5 | V3: พ 20/5 | W3: พฤ 21/5 | X3: ศ 22/5 | Y3: ส 23/5 | Z3: อา 24/5 | AA3: จ 25/5 | AB3: อ 26/5 | AC3: พ 27/5 | AD3: พฤ 28/5 | AE3: ศ 29/5 | AF3: ส 30/5 | AG3: อา 31/5 | AH3: รวม (จาน) | AI3: รวม (฿) | AJ3: % | AK3: ยอดขาย 1-15 | AL3: ยอดขาย 16-31 | AM3: ยอดรับ 1-15 | AN3: ยอดรับ 16-31
A4: ITEM0029 | B4: 29 ค่าอาหาร (10 บาท) | C4: =IFERROR(SUMIFS(Data!$F:$F,Data!$B:$B,"อโศก",Data!$C:$C,"ITEM0029",Data!$A:$A,DATE(2026,5,1)),"") | D4: =IFERROR(SUMIFS(Data!$F:$F,Data!$B:$B,"อโศก",Data!$C:$C,"ITEM0029",Data!$A:$A,DATE(2026,5,2)),"") | E4: =IFERROR(SUMIFS(Data!$F:$F,Data!$B:$B,"อโศก",Data!$C:$C,"ITEM0029",Data!$A:$A,DATE(2026,5,3)),"") | F4: =IFERROR(SUMIFS(Data!$F:$F,Data!$B:$B,"อโศก",Data!$C:$C,"ITEM0029",Data!$A:$A,DATE(2026,5,4)),"") | G4: =IFERROR(SUMIFS(Data!$F:$F,Data!$B:$B,"อโศก",Data!$C:$C,"ITEM0029",Data!$A:$A,DATE(2026,5,5)),"") | H4: =IFERROR(SUMIFS(Data!$F:$F,Data!$B:$B,"อโศก",Data!$C:$C,"ITEM0029",Data!$A:$A,DATE(2026,5,6)),"") | I4: =IFERROR(SUMIFS(Data!$F:$F,Data!$B:$B,"อโศก",Data!$C:$C,"ITEM0029",Data!$A:$A,DATE(2026,5,7)),"") | J4: =IFERROR(SUMIFS(Data!$F:$F,Data!$B:$B,"อโศก",Data!$C:$C,"ITEM0029",Data!$A:$A,DATE(2026,5,8)),"") | K4: =IFERROR(SUMIFS(Data!$F:$F,Data!$B:$B,"อโศก",Data!$C:$C,"ITEM0029",Data!$A:$A,DATE(2026,5,9)),"") | L4: =IFERROR(SUMIFS(Data!$F:$F,Data!$B:$B,"อโศก",Data!$C:$C,"ITEM0029",Data!$A:$A,DATE(2026,5,10)),"") | M4: =IFERROR(SUMIFS(Data!$F:$F,Data!$B:$B,"อโศก",Data!$C:$C,"ITEM0029",Data!$A:$A,DATE(2026,5,11)),"") | N4: =IFERROR(SUMIFS(Data!$F:$F,Data!$B:$B,"อโศก",Data!$C:$C,"ITEM0029",Data!$A:$A,DATE(2026,5,12)),"") | O4: =IFERROR(SUMIFS(Data!$F:$F,Data!$B:$B,"อโศก",Data!$C:$C,"ITEM0029",Data!$A:$A,DATE(2026,5,13)),"") | P4: =IFERROR(SUMIFS(Data!$F:$F,Data!$B:$B,"อโศก",Data!$C:$C,"ITEM0029",Data!$A:$A,DATE(2026,5,14)),"") | Q4: =IFERROR(SUMIFS(Data!$F:$F,Data!$B:$B,"อโศก",Data!$C:$C,"ITEM0029",Data!$A:$A,DATE(2026,5,15)),"") | R4: =IFERROR(SUMIFS(Data!$F:$F,Data!$B:$B,"อโศก",Data!$C:$C,"ITEM0029",Data!$A:$A,DATE(2026,5,16)),"") | S4: =IFERROR(SUMIFS(Data!$F:$F,Data!$B:$B,"อโศก",Data!$C:$C,"ITEM0029",Data!$A:$A,DATE(2026,5,17)),"") | T4: =IFERROR(SUMIFS(Data!$F:$F,Data!$B:$B,"อโศก",Data!$C:$C,"ITEM0029",Data!$A:$A,DATE(2026,5,18)),"") | U4: =IFERROR(SUMIFS(Data!$F:$F,Data!$B:$B,"อโศก",Data!$C:$C,"ITEM0029",Data!$A:$A,DATE(2026,5,19)),"") | V4: =IFERROR(SUMIFS(Data!$F:$F,Data!$B:$B,"อโศก",Data!$C:$C,"ITEM0029",Data!$A:$A,DATE(2026,5,20)),"") | W4: =IFERROR(SUMIFS(Data!$F:$F,Data!$B:$B,"อโศก",Data!$C:$C,"ITEM0029",Data!$A:$A,DATE(2026,5,21)),"") | X4: =IFERROR(SUMIFS(Data!$F:$F,Data!$B:$B,"อโศก",Data!$C:$C,"ITEM0029",Data!$A:$A,DATE(2026,5,22)),"") | Y4: =IFERROR(SUMIFS(Data!$F:$F,Data!$B:$B,"อโศก",Data!$C:$C,"ITEM0029",Data!$A:$A,DATE(2026,5,23)),"") | Z4: =IFERROR(SUMIFS(Data!$F:$F,Data!$B:$B,"อโศก",Data!$C:$C,"ITEM0029",Data!$A:$A,DATE(2026,5,24)),"") | AA4: =IFERROR(SUMIFS(Data!$F:$F,Data!$B:$B,"อโศก",Data!$C:$C,"ITEM0029",Data!$A:$A,DATE(2026,5,25)),"") | AB4: =IFERROR(SUMIFS(Data!$F:$F,Data!$B:$B,"อโศก",Data!$C:$C,"ITEM0029",Data!$A:$A,DATE(2026,5,26)),"") | AC4: =IFERROR(SUMIFS(Data!$F:$F,Data!$B:$B,"อโศก",Data!$C:$C,"ITEM0029",Data!$A:$A,DATE(2026,5,27)),"") | AD4: =IFERROR(SUMIFS(Data!$F:$F,Data!$B:$B,"อโศก",Data!$C:$C,"ITEM0029",Data!$A:$A,DATE(2026,5,28)),"") | AE4: =IFERROR(SUMIFS(Data!$F:$F,Data!$B:$B,"อโศก",Data!$C:$C,"ITEM0029",Data!$A:$A,DATE(2026,5,29)),"") | AF4: =IFERROR(SUMIFS(Data!$F:$F,Data!$B:$B,"อโศก",Data!$C:$C,"ITEM0029",Data!$A:$A,DATE(2026,5,30)),"") | AG4: =IFERROR(SUMIFS(Data!$F:$F,Data!$B:$B,"อโศก",Data!$C:$C,"ITEM0029",Data!$A:$A,DATE(2026,5,31)),"") | AH4: =IFERROR(SUM(C4:AG4),0) | AI4: =AH4*10 | AJ4: =IFERROR(AI4/AI20,0)
A5: ITEM0042 | B5: 12 กลับบ้านเพิ่ม | C5: =IFERROR(SUMIFS(Data!$F:$F,Data!$B:$B,"อโศก",Data!$C:$C,"ITEM0042",Data!$A:$A,DATE(2026,5,1)),"") | D5: =IFERROR(SUMIFS(Data!$F:$F,Data!$B:$B,"อโศก",Data!$C:$C,"ITEM0042",Data!$A:$A,DATE(2026,5,2)),"") | E5: =IFERROR(SUMIFS(Data!$F:$F,Data!$B:$B,"อโศก",Data!$C:$C,"ITEM0042",Data!$A:$A,DATE(2026,5,3)),"") | F5: =IFERROR(SUMIFS(Data!$F:$F,Data!$B:$B,"อโศก",Data!$C:$C,"ITEM0042",Data!$A:$A,DATE(2026,5,4)),"") | G5: =IFERROR(SUMIFS(Data!$F:$F,Data!$B:$B,"อโศก",Data!$C:$C,"ITEM0042",Data!$A:$A,DATE(2026,5,5)),"") | H5: =IFERROR(SUMIFS(Data!$F:$F,Data!$B:$B,"อโศก",Data!$C:$C,"ITEM0042",Data!$A:$A,DATE(2026,5,6)),"") | I5: =IFERROR(SUMIFS(Data!$F:$F,Data!$B:$B,"อโศก",Data!$C:$C,"ITEM0042",Data!$A:$A,DATE(2026,5,7)),"") | J5: =IFERROR(SUMIFS(Data!$F:$F,Data!$B:$B,"อโศก",Data!$C:$C,"ITEM0042",Data!$A:$A,DATE(2026,5,8)),"") | K5: =IFERROR(SUMIFS(Data!$F:$F,Data!$B:$B,"อโศก",Data!$C:$C,"ITEM0042",Data!$A:$A,DATE(2026,5,9)),"") | L5: =IFERROR(SUMIFS(Data!$F:$F,Data!$B:$B,"อโศก",Data!$C:$C,"ITEM0042",Data!$A:$A,DATE(2026,5,10)),"") | M5: =IFERROR(SUMIFS(Data!$F:$F,Data!$B:$B,"อโศก",Data!$C:$C,"ITEM0042",Data!$A:$A,DATE(2026,5,11)),"") | N5: =IFERROR(SUMIFS(Data!$F:$F,Data!$B:$B,"อโศก",Data!$C:$C,"ITEM0042",Data!$A:$A,DATE(2026,5,12)),"") | O5: =IFERROR(SUMIFS(Data!$F:$F,Data!$B:$B,"อโศก",Data!$C:$C,"ITEM0042",Data!$A:$A,DATE(2026,5,13)),"") | P5: =IFERROR(SUMIFS(Data!$F:$F,Data!$B:$B,"อโศก",Data!$C:$C,"ITEM0042",Data!$A:$A,DATE(2026,5,14)),"") | Q5: =IFERROR(SUMIFS(Data!$F:$F,Data!$B:$B,"อโศก",Data!$C:$C,"ITEM0042",Data!$A:$A,DATE(2026,5,15)),"") | R5: =IFERROR(SUMIFS(Data!$F:$F,Data!$B:$B,"อโศก",Data!$C:$C,"ITEM0042",Data!$A:$A,DATE(2026,5,16)),"") | S5: =IFERROR(SUMIFS(Data!$F:$F,Data!$B:$B,"อโศก",Data!$C:$C,"ITEM0042",Data!$A:$A,DATE(2026,5,17)),"") | T5: =IFERROR(SUMIFS(Data!$F:$F,Data!$B:$B,"อโศก",Data!$C:$C,"ITEM0042",Data!$A:$A,DATE(2026,5,18)),"") | U5: =IFERROR(SUMIFS(Data!$F:$F,Data!$B:$B,"อโศก",Data!$C:$C,"ITEM0042",Data!$A:$A,DATE(2026,5,19)),"") | V5: =IFERROR(SUMIFS(Data!$F:$F,Data!$B:$B,"อโศก",Data!$C:$C,"ITEM0042",Data!$A:$A,DATE(2026,5,20)),"") | W5: =IFERROR(SUMIFS(Data!$F:$F,Data!$B:$B,"อโศก",Data!$C:$C,"ITEM0042",Data!$A:$A,DATE(2026,5,21)),"") | X5: =IFERROR(SUMIFS(Data!$F:$F,Data!$B:$B,"อโศก",Data!$C:$C,"ITEM0042",Data!$A:$A,DATE(2026,5,22)),"") | Y5: =IFERROR(SUMIFS(Data!$F:$F,Data!$B:$B,"อโศก",Data!$C:$C,"ITEM0042",Data!$A:$A,DATE(2026,5,23)),"") | Z5: =IFERROR(SUMIFS(Data!$F:$F,Data!$B:$B,"อโศก",Data!$C:$C,"ITEM0042",Data!$A:$A,DATE(2026,5,24)),"") | AA5: =IFERROR(SUMIFS(Data!$F:$F,Data!$B:$B,"อโศก",Data!$C:$C,"ITEM0042",Data!$A:$A,DATE(2026,5,25)),"") | AB5: =IFERROR(SUMIFS(Data!$F:$F,Data!$B:$B,"อโศก",Data!$C:$C,"ITEM0042",Data!$A:$A,DATE(2026,5,26)),"") | AC5: =IFERROR(SUMIFS(Data!$F:$F,Data!$B:$B,"อโศก",Data!$C:$C,"ITEM0042",Data!$A:$A,DATE(2026,5,27)),"") | AD5: =IFERROR(SUMIFS(Data!$F:$F,Data!$B:$B,"อโศก",Data!$C:$C,"ITEM0042",Data!$A:$A,DATE(2026,5,28)),"") | AE5: =IFERROR(SUMIFS(Data!$F:$F,Data!$B:$B,"อโศก",Data!$C:$C,"ITEM0042",Data!$A:$A,DATE(2026,5,29)),"") | AF5: =IFERROR(SUMIFS(Data!$F:$F,Data!$B:$B,"อโศก",Data!$C:$C,"ITEM0042",Data!$A:$A,DATE(2026,5,30)),"") | AG5: =IFERROR(SUMIFS(Data!$F:$F,Data!$B:$B,"อโศก",Data!$C:$C,"ITEM0042",Data!$A:$A,DATE(2026,5,31)),"") | AH5: =IFERROR(SUM(C5:AG5),0) | AI5: =AH5*5 | AJ5: =IFERROR(AI5/AI20,0)
A6: ITEM0179 | B6: 22 ค่าอาหาร (15 บาท) | C6: =IFERROR(SUMIFS(Data!$F:$F,Data!$B:$B,"อโศก",Data!$C:$C,"ITEM0179",Data!$A:$A,DATE(2026,5,1)),"") | D6: =IFERROR(SUMIFS(Data!$F:$F,Data!$B:$B,"อโศก",Data!$C:$C,"ITEM0179",Data!$A:$A,DATE(2026,5,2)),"") | E6: =IFERROR(SUMIFS(Data!$F:$F,Data!$B:$B,"อโศก",Data!$C:$C,"ITEM0179",Data!$A:$A,DATE(2026,5,3)),"") | F6: =IFERROR(SUMIFS(Data!$F:$F,Data!$B:$B,"อโศก",Data!$C:$C,"ITEM0179",Data!$A:$A,DATE(2026,5,4)),"") | G6: =IFERROR(SUMIFS(Data!$F:$F,Data!$B:$B,"อโศก",Data!$C:$C,"ITEM0179",Data!$A:$A,DATE(2026,5,5)),"") | H6: =IFERROR(SUMIFS(Data!$F:$F,Data!$B:$B,"อโศก",Data!$C:$C,"ITEM0179",Data!$A:$A,DATE(2026,5,6)),"") | I6: =IFERROR(SUMIFS(Data!$F:$F,Data!$B:$B,"อโศก",Data!$C:$C,"ITEM0179",Data!$A:$A,DATE(2026,5,7)),"") | J6: =IFERROR(SUMIFS(Data!$F:$F,Data!$B:$B,"อโศก",Data!$C:$C,"ITEM0179",Data!$A:$A,DATE(2026,5,8)),"") | K6: =IFERROR(SUMIFS(Data!$F:$F,Data!$B:$B,"อโศก",Data!$C:$C,"ITEM0179",Data!$A:$A,DATE(2026,5,9)),"") | L6: =IFERROR(SUMIFS(Data!$F:$F,Data!$B:$B,"อโศก",Data!$C:$C,"ITEM0179",Data!$A:$A,DATE(2026,5,10)),"") | M6: =IFERROR(SUMIFS(Data!$F:$F,Data!$B:$B,"อโศก",Data!$C:$C,"ITEM0179",Data!$A:$A,DATE(2026,5,11)),"") | N6: =IFERROR(SUMIFS(Data!$F:$F,Data!$B:$B,"อโศก",Data!$C:$C,"ITEM0179",Data!$A:$A,DATE(2026,5,12)),"") | O6: =IFERROR(SUMIFS(Data!$F:$F,Data!$B:$B,"อโศก",Data!$C:$C,"ITEM0179",Data!$A:$A,DATE(2026,5,13)),"") | P6: =IFERROR(SUMIFS(Data!$F:$F,Data!$B:$B,"อโศก",Data!$C:$C,"ITEM0179",Data!$A:$A,DATE(2026,5,14)),"") | Q6: =IFERROR(SUMIFS(Data!$F:$F,Data!$B:$B,"อโศก",Data!$C:$C,"ITEM0179",Data!$A:$A,DATE(2026,5,15)),"") | R6: =IFERROR(SUMIFS(Data!$F:$F,Data!$B:$B,"อโศก",Data!$C:$C,"ITEM0179",Data!$A:$A,DATE(2026,5,16)),"") | S6: =IFERROR(SUMIFS(Data!$F:$F,Data!$B:$B,"อโศก",Data!$C:$C,"ITEM0179",Data!$A:$A,DATE(2026,5,17)),"") | T6: =IFERROR(SUMIFS(Data!$F:$F,Data!$B:$B,"อโศก",Data!$C:$C,"ITEM0179",Data!$A:$A,DATE(2026,5,18)),"") | U6: =IFERROR(SUMIFS(Data!$F:$F,Data!$B:$B,"อโศก",Data!$C:$C,"ITEM0179",Data!$A:$A,DATE(2026,5,19)),"") | V6: =IFERROR(SUMIFS(Data!$F:$F,Data!$B:$B,"อโศก",Data!$C:$C,"ITEM0179",Data!$A:$A,DATE(2026,5,20)),"") | W6: =IFERROR(SUMIFS(Data!$F:$F,Data!$B:$B,"อโศก",Data!$C:$C,"ITEM0179",Data!$A:$A,DATE(2026,5,21)),"") | X6: =IFERROR(SUMIFS(Data!$F:$F,Data!$B:$B,"อโศก",Data!$C:$C,"ITEM0179",Data!$A:$A,DATE(2026,5,22)),"") | Y6: =IFERROR(SUMIFS(Data!$F:$F,Data!$B:$B,"อโศก",Data!$C:$C,"ITEM0179",Data!$A:$A,DATE(2026,5,23)),"") | Z6: =IFERROR(SUMIFS(Data!$F:$F,Data!$B:$B,"อโศก",Data!$C:$C,"ITEM0179",Data!$A:$A,DATE(2026,5,24)),"") | AA6: =IFERROR(SUMIFS(Data!$F:$F,Data!$B:$B,"อโศก",Data!$C:$C,"ITEM0179",Data!$A:$A,DATE(2026,5,25)),"") | AB6: =IFERROR(SUMIFS(Data!$F:$F,Data!$B:$B,"อโศก",Data!$C:$C,"ITEM0179",Data!$A:$A,DATE(2026,5,26)),"") | AC6: =IFERROR(SUMIFS(Data!$F:$F,Data!$B:$B,"อโศก",Data!$C:$C,"ITEM0179",Data!$A:$A,DATE(2026,5,27)),"") | AD6: =IFERROR(SUMIFS(Data!$F:$F,Data!$B:$B,"อโศก",Data!$C:$C,"ITEM0179",Data!$A:$A,DATE(2026,5,28)),"") | AE6: =IFERROR(SUMIFS(Data!$F:$F,Data!$B:$B,"อโศก",Data!$C:$C,"ITEM0179",Data!$A:$A,DATE(2026,5,29)),"") | AF6: =IFERROR(SUMIFS(Data!$F:$F,Data!$B:$B,"อโศก",Data!$C:$C,"ITEM0179",Data!$A:$A,DATE(2026,5,30)),"") | AG6: =IFERROR(SUMIFS(Data!$F:$F,Data!$B:$B,"อโศก",Data!$C:$C,"ITEM0179",Data!$A:$A,DATE(2026,5,31)),"") | AH6: =IFERROR(SUM(C6:AG6),0) | AI6: =AH6*15 | AJ6: =IFERROR(AI6/AI20,0)
A7: ITEM0180 | B7: 23 ค่าอาหาร (20 บาท) | C7: =IFERROR(SUMIFS(Data!$F:$F,Data!$B:$B,"อโศก",Data!$C:$C,"ITEM0180",Data!$A:$A,DATE(2026,5,1)),"") | D7: =IFERROR(SUMIFS(Data!$F:$F,Data!$B:$B,"อโศก",Data!$C:$C,"ITEM0180",Data!$A:$A,DATE(2026,5,2)),"") | E7: =IFERROR(SUMIFS(Data!$F:$F,Data!$B:$B,"อโศก",Data!$C:$C,"ITEM0180",Data!$A:$A,DATE(2026,5,3)),"") | F7: =IFERROR(SUMIFS(Data!$F:$F,Data!$B:$B,"อโศก",Data!$C:$C,"ITEM0180",Data!$A:$A,DATE(2026,5,4)),"") | G7: =IFERROR(SUMIFS(Data!$F:$F,Data!$B:$B,"อโศก",Data!$C:$C,"ITEM0180",Data!$A:$A,DATE(2026,5,5)),"") | H7: =IFERROR(SUMIFS(Data!$F:$F,Data!$B:$B,"อโศก",Data!$C:$C,"ITEM0180",Data!$A:$A,DATE(2026,5,6)),"") | I7: =IFERROR(SUMIFS(Data!$F:$F,Data!$B:$B,"อโศก",Data!$C:$C,"ITEM0180",Data!$A:$A,DATE(2026,5,7)),"") | J7: =IFERROR(SUMIFS(Data!$F:$F,Data!$B:$B,"อโศก",Data!$C:$C,"ITEM0180",Data!$A:$A,DATE(2026,5,8)),"") | K7: =IFERROR(SUMIFS(Data!$F:$F,Data!$B:$B,"อโศก",Data!$C:$C,"ITEM0180",Data!$A:$A,DATE(2026,5,9)),"") | L7: =IFERROR(SUMIFS(Data!$F:$F,Data!$B:$B,"อโศก",Data!$C:$C,"ITEM0180",Data!$A:$A,DATE(2026,5,10)),"") | M7: =IFERROR(SUMIFS(Data!$F:$F,Data!$B:$B,"อโศก",Data!$C:$C,"ITEM0180",Data!$A:$A,DATE(2026,5,11)),"") | N7: =IFERROR(SUMIFS(Data!$F:$F,Data!$B:$B,"อโศก",Data!$C:$C,"ITEM0180",Data!$A:$A,DATE(2026,5,12)),"") | O7: =IFERROR(SUMIFS(Data!$F:$F,Data!$B:$B,"อโศก",Data!$C:$C,"ITEM0180",Data!$A:$A,DATE(2026,5,13)),"") | P7: =IFERROR(SUMIFS(Data!$F:$F,Data!$B:$B,"อโศก",Data!$C:$C,"ITEM0180",Data!$A:$A,DATE(2026,5,14)),"") | Q7: =IFERROR(SUMIFS(Data!$F:$F,Data!$B:$B,"อโศก",Data!$C:$C,"ITEM0180",Data!$A:$A,DATE(2026,5,15)),"") | R7: =IFERROR(SUMIFS(Data!$F:$F,Data!$B:$B,"อโศก",Data!$C:$C,"ITEM0180",Data!$A:$A,DATE(2026,5,16)),"") | S7: =IFERROR(SUMIFS(Data!$F:$F,Data!$B:$B,"อโศก",Data!$C:$C,"ITEM0180",Data!$A:$A,DATE(2026,5,17)),"") | T7: =IFERROR(SUMIFS(Data!$F:$F,Data!$B:$B,"อโศก",Data!$C:$C,"ITEM0180",Data!$A:$A,DATE(2026,5,18)),"") | U7: =IFERROR(SUMIFS(Data!$F:$F,Data!$B:$B,"อโศก",Data!$C:$C,"ITEM0180",Data!$A:$A,DATE(2026,5,19)),"") | V7: =IFERROR(SUMIFS(Data!$F:$F,Data!$B:$B,"อโศก",Data!$C:$C,"ITEM0180",Data!$A:$A,DATE(2026,5,20)),"") | W7: =IFERROR(SUMIFS(Data!$F:$F,Data!$B:$B,"อโศก",Data!$C:$C,"ITEM0180",Data!$A:$A,DATE(2026,5,21)),"") | X7: =IFERROR(SUMIFS(Data!$F:$F,Data!$B:$B,"อโศก",Data!$C:$C,"ITEM0180",Data!$A:$A,DATE(2026,5,22)),"") | Y7: =IFERROR(SUMIFS(Data!$F:$F,Data!$B:$B,"อโศก",Data!$C:$C,"ITEM0180",Data!$A:$A,DATE(2026,5,23)),"") | Z7: =IFERROR(SUMIFS(Data!$F:$F,Data!$B:$B,"อโศก",Data!$C:$C,"ITEM0180",Data!$A:$A,DATE(2026,5,24)),"") | AA7: =IFERROR(SUMIFS(Data!$F:$F,Data!$B:$B,"อโศก",Data!$C:$C,"ITEM0180",Data!$A:$A,DATE(2026,5,25)),"") | AB7: =IFERROR(SUMIFS(Data!$F:$F,Data!$B:$B,"อโศก",Data!$C:$C,"ITEM0180",Data!$A:$A,DATE(2026,5,26)),"") | AC7: =IFERROR(SUMIFS(Data!$F:$F,Data!$B:$B,"อโศก",Data!$C:$C,"ITEM0180",Data!$A:$A,DATE(2026,5,27)),"") | AD7: =IFERROR(SUMIFS(Data!$F:$F,Data!$B:$B,"อโศก",Data!$C:$C,"ITEM0180",Data!$A:$A,DATE(2026,5,28)),"") | AE7: =IFERROR(SUMIFS(Data!$F:$F,Data!$B:$B,"อโศก",Data!$C:$C,"ITEM0180",Data!$A:$A,DATE(2026,5,29)),"") | AF7: =IFERROR(SUMIFS(Data!$F:$F,Data!$B:$B,"อโศก",Data!$C:$C,"ITEM0180",Data!$A:$A,DATE(2026,5,30)),"") | AG7: =IFERROR(SUMIFS(Data!$F:$F,Data!$B:$B,"อโศก",Data!$C:$C,"ITEM0180",Data!$A:$A,DATE(2026,5,31)),"") | AH7: =IFERROR(SUM(C7:AG7),0) | AI7: =AH7*20 | AJ7: =IFERROR(AI7/AI20,0)
A8: ITEM0181 | B8: 24 ค่าอาหาร (30 บาท) | C8: =IFERROR(SUMIFS(Data!$F:$F,Data!$B:$B,"อโศก",Data!$C:$C,"ITEM0181",Data!$A:$A,DATE(2026,5,1)),"") | D8: =IFERROR(SUMIFS(Data!$F:$F,Data!$B:$B,"อโศก",Data!$C:$C,"ITEM0181",Data!$A:$A,DATE(2026,5,2)),"") | E8: =IFERROR(SUMIFS(Data!$F:$F,Data!$B:$B,"อโศก",Data!$C:$C,"ITEM0181",Data!$A:$A,DATE(2026,5,3)),"") | F8: =IFERROR(SUMIFS(Data!$F:$F,Data!$B:$B,"อโศก",Data!$C:$C,"ITEM0181",Data!$A:$A,DATE(2026,5,4)),"") | G8: =IFERROR(SUMIFS(Data!$F:$F,Data!$B:$B,"อโศก",Data!$C:$C,"ITEM0181",Data!$A:$A,DATE(2026,5,5)),"") | H8: =IFERROR(SUMIFS(Data!$F:$F,Data!$B:$B,"อโศก",Data!$C:$C,"ITEM0181",Data!$A:$A,DATE(2026,5,6)),"") | I8: =IFERROR(SUMIFS(Data!$F:$F,Data!$B:$B,"อโศก",Data!$C:$C,"ITEM0181",Data!$A:$A,DATE(2026,5,7)),"") | J8: =IFERROR(SUMIFS(Data!$F:$F,Data!$B:$B,"อโศก",Data!$C:$C,"ITEM0181",Data!$A:$A,DATE(2026,5,8)),"") | K8: =IFERROR(SUMIFS(Data!$F:$F,Data!$B:$B,"อโศก",Data!$C:$C,"ITEM0181",Data!$A:$A,DATE(2026,5,9)),"") | L8: =IFERROR(SUMIFS(Data!$F:$F,Data!$B:$B,"อโศก",Data!$C:$C,"ITEM0181",Data!$A:$A,DATE(2026,5,10)),"") | M8: =IFERROR(SUMIFS(Data!$F:$F,Data!$B:$B,"อโศก",Data!$C:$C,"ITEM0181",Data!$A:$A,DATE(2026,5,11)),"") | N8: =IFERROR(SUMIFS(Data!$F:$F,Data!$B:$B,"อโศก",Data!$C:$C,"ITEM0181",Data!$A:$A,DATE(2026,5,12)),"") | O8: =IFERROR(SUMIFS(Data!$F:$F,Data!$B:$B,"อโศก",Data!$C:$C,"ITEM0181",Data!$A:$A,DATE(2026,5,13)),"") | P8: =IFERROR(SUMIFS(Data!$F:$F,Data!$B:$B,"อโศก",Data!$C:$C,"ITEM0181",Data!$A:$A,DATE(2026,5,14)),"") | Q8: =IFERROR(SUMIFS(Data!$F:$F,Data!$B:$B,"อโศก",Data!$C:$C,"ITEM0181",Data!$A:$A,DATE(2026,5,15)),"") | R8: =IFERROR(SUMIFS(Data!$F:$F,Data!$B:$B,"อโศก",Data!$C:$C,"ITEM0181",Data!$A:$A,DATE(2026,5,16)),"") | S8: =IFERROR(SUMIFS(Data!$F:$F,Data!$B:$B,"อโศก",Data!$C:$C,"ITEM0181",Data!$A:$A,DATE(2026,5,17)),"") | T8: =IFERROR(SUMIFS(Data!$F:$F,Data!$B:$B,"อโศก",Data!$C:$C,"ITEM0181",Data!$A:$A,DATE(2026,5,18)),"") | U8: =IFERROR(SUMIFS(Data!$F:$F,Data!$B:$B,"อโศก",Data!$C:$C,"ITEM0181",Data!$A:$A,DATE(2026,5,19)),"") | V8: =IFERROR(SUMIFS(Data!$F:$F,Data!$B:$B,"อโศก",Data!$C:$C,"ITEM0181",Data!$A:$A,DATE(2026,5,20)),"") | W8: =IFERROR(SUMIFS(Data!$F:$F,Data!$B:$B,"อโศก",Data!$C:$C,"ITEM0181",Data!$A:$A,DATE(2026,5,21)),"") | X8: =IFERROR(SUMIFS(Data!$F:$F,Data!$B:$B,"อโศก",Data!$C:$C,"ITEM0181",Data!$A:$A,DATE(2026,5,22)),"") | Y8: =IFERROR(SUMIFS(Data!$F:$F,Data!$B:$B,"อโศก",Data!$C:$C,"ITEM0181",Data!$A:$A,DATE(2026,5,23)),"") | Z8: =IFERROR(SUMIFS(Data!$F:$F,Data!$B:$B,"อโศก",Data!$C:$C,"ITEM0181",Data!$A:$A,DATE(2026,5,24)),"") | AA8: =IFERROR(SUMIFS(Data!$F:$F,Data!$B:$B,"อโศก",Data!$C:$C,"ITEM0181",Data!$A:$A,DATE(2026,5,25)),"") | AB8: =IFERROR(SUMIFS(Data!$F:$F,Data!$B:$B,"อโศก",Data!$C:$C,"ITEM0181",Data!$A:$A,DATE(2026,5,26)),"") | AC8: =IFERROR(SUMIFS(Data!$F:$F,Data!$B:$B,"อโศก",Data!$C:$C,"ITEM0181",Data!$A:$A,DATE(2026,5,27)),"") | AD8: =IFERROR(SUMIFS(Data!$F:$F,Data!$B:$B,"อโศก",Data!$C:$C,"ITEM0181",Data!$A:$A,DATE(2026,5,28)),"") | AE8: =IFERROR(SUMIFS(Data!$F:$F,Data!$B:$B,"อโศก",Data!$C:$C,"ITEM0181",Data!$A:$A,DATE(2026,5,29)),"") | AF8: =IFERROR(SUMIFS(Data!$F:$F,Data!$B:$B,"อโศก",Data!$C:$C,"ITEM0181",Data!$A:$A,DATE(2026,5,30)),"") | AG8: =IFERROR(SUMIFS(Data!$F:$F,Data!$B:$B,"อโศก",Data!$C:$C,"ITEM0181",Data!$A:$A,DATE(2026,5,31)),"") | AH8: =IFERROR(SUM(C8:AG8),0) | AI8: =AH8*30 | AJ8: =IFERROR(AI8/AI20,0)
A9: ITEM0941 | B9: ข้าวมันไก่สิงคโปร์ | C9: =IFERROR(SUMIFS(Data!$F:$F,Data!$B:$B,"อโศก",Data!$C:$C,"ITEM0941",Data!$A:$A,DATE(2026,5,1)),"") | D9: =IFERROR(SUMIFS(Data!$F:$F,Data!$B:$B,"อโศก",Data!$C:$C,"ITEM0941",Data!$A:$A,DATE(2026,5,2)),"") | E9: =IFERROR(SUMIFS(Data!$F:$F,Data!$B:$B,"อโศก",Data!$C:$C,"ITEM0941",Data!$A:$A,DATE(2026,5,3)),"") | F9: =IFERROR(SUMIFS(Data!$F:$F,Data!$B:$B,"อโศก",Data!$C:$C,"ITEM0941",Data!$A:$A,DATE(2026,5,4)),"") | G9: =IFERROR(SUMIFS(Data!$F:$F,Data!$B:$B,"อโศก",Data!$C:$C,"ITEM0941",Data!$A:$A,DATE(2026,5,5)),"") | H9: =IFERROR(SUMIFS(Data!$F:$F,Data!$B:$B,"อโศก",Data!$C:$C,"ITEM0941",Data!$A:$A,DATE(2026,5,6)),"") | I9: =IFERROR(SUMIFS(Data!$F:$F,Data!$B:$B,"อโศก",Data!$C:$C,"ITEM0941",Data!$A:$A,DATE(2026,5,7)),"") | J9: =IFERROR(SUMIFS(Data!$F:$F,Data!$B:$B,"อโศก",Data!$C:$C,"ITEM0941",Data!$A:$A,DATE(2026,5,8)),"") | K9: =IFERROR(SUMIFS(Data!$F:$F,Data!$B:$B,"อโศก",Data!$C:$C,"ITEM0941",Data!$A:$A,DATE(2026,5,9)),"") | L9: =IFERROR(SUMIFS(Data!$F:$F,Data!$B:$B,"อโศก",Data!$C:$C,"ITEM0941",Data!$A:$A,DATE(2026,5,10)),"") | M9: =IFERROR(SUMIFS(Data!$F:$F,Data!$B:$B,"อโศก",Data!$C:$C,"ITEM0941",Data!$A:$A,DATE(2026,5,11)),"") | N9: =IFERROR(SUMIFS(Data!$F:$F,Data!$B:$B,"อโศก",Data!$C:$C,"ITEM0941",Data!$A:$A,DATE(2026,5,12)),"") | O9: =IFERROR(SUMIFS(Data!$F:$F,Data!$B:$B,"อโศก",Data!$C:$C,"ITEM0941",Data!$A:$A,DATE(2026,5,13)),"") | P9: =IFERROR(SUMIFS(Data!$F:$F,Data!$B:$B,"อโศก",Data!$C:$C,"ITEM0941",Data!$A:$A,DATE(2026,5,14)),"") | Q9: =IFERROR(SUMIFS(Data!$F:$F,Data!$B:$B,"อโศก",Data!$C:$C,"ITEM0941",Data!$A:$A,DATE(2026,5,15)),"") | R9: =IFERROR(SUMIFS(Data!$F:$F,Data!$B:$B,"อโศก",Data!$C:$C,"ITEM0941",Data!$A:$A,DATE(2026,5,16)),"") | S9: =IFERROR(SUMIFS(Data!$F:$F,Data!$B:$B,"อโศก",Data!$C:$C,"ITEM0941",Data!$A:$A,DATE(2026,5,17)),"") | T9: =IFERROR(SUMIFS(Data!$F:$F,Data!$B:$B,"อโศก",Data!$C:$C,"ITEM0941",Data!$A:$A,DATE(2026,5,18)),"") | U9: =IFERROR(SUMIFS(Data!$F:$F,Data!$B:$B,"อโศก",Data!$C:$C,"ITEM0941",Data!$A:$A,DATE(2026,5,19)),"") | V9: =IFERROR(SUMIFS(Data!$F:$F,Data!$B:$B,"อโศก",Data!$C:$C,"ITEM0941",Data!$A:$A,DATE(2026,5,20)),"") | W9: =IFERROR(SUMIFS(Data!$F:$F,Data!$B:$B,"อโศก",Data!$C:$C,"ITEM0941",Data!$A:$A,DATE(2026,5,21)),"") | X9: =IFERROR(SUMIFS(Data!$F:$F,Data!$B:$B,"อโศก",Data!$C:$C,"ITEM0941",Data!$A:$A,DATE(2026,5,22)),"") | Y9: =IFERROR(SUMIFS(Data!$F:$F,Data!$B:$B,"อโศก",Data!$C:$C,"ITEM0941",Data!$A:$A,DATE(2026,5,23)),"") | Z9: =IFERROR(SUMIFS(Data!$F:$F,Data!$B:$B,"อโศก",Data!$C:$C,"ITEM0941",Data!$A:$A,DATE(2026,5,24)),"") | AA9: =IFERROR(SUMIFS(Data!$F:$F,Data!$B:$B,"อโศก",Data!$C:$C,"ITEM0941",Data!$A:$A,DATE(2026,5,25)),"") | AB9: =IFERROR(SUMIFS(Data!$F:$F,Data!$B:$B,"อโศก",Data!$C:$C,"ITEM0941",Data!$A:$A,DATE(2026,5,26)),"") | AC9: =IFERROR(SUMIFS(Data!$F:$F,Data!$B:$B,"อโศก",Data!$C:$C,"ITEM0941",Data!$A:$A,DATE(2026,5,27)),"") | AD9: =IFERROR(SUMIFS(Data!$F:$F,Data!$B:$B,"อโศก",Data!$C:$C,"ITEM0941",Data!$A:$A,DATE(2026,5,28)),"") | AE9: =IFERROR(SUMIFS(Data!$F:$F,Data!$B:$B,"อโศก",Data!$C:$C,"ITEM0941",Data!$A:$A,DATE(2026,5,29)),"") | AF9: =IFERROR(SUMIFS(Data!$F:$F,Data!$B:$B,"อโศก",Data!$C:$C,"ITEM0941",Data!$A:$A,DATE(2026,5,30)),"") | AG9: =IFERROR(SUMIFS(Data!$F:$F,Data!$B:$B,"อโศก",Data!$C:$C,"ITEM0941",Data!$A:$A,DATE(2026,5,31)),"") | AH9: =IFERROR(SUM(C9:AG9),0) | AI9: =AH9*57 | AJ9: =IFERROR(AI9/AI20,0)
A10: ITEM0942 | B10: ข้าวมันไก่ต้ม | C10: =IFERROR(SUMIFS(Data!$F:$F,Data!$B:$B,"อโศก",Data!$C:$C,"ITEM0942",Data!$A:$A,DATE(2026,5,1)),"") | D10: =IFERROR(SUMIFS(Data!$F:$F,Data!$B:$B,"อโศก",Data!$C:$C,"ITEM0942",Data!$A:$A,DATE(2026,5,2)),"") | E10: =IFERROR(SUMIFS(Data!$F:$F,Data!$B:$B,"อโศก",Data!$C:$C,"ITEM0942",Data!$A:$A,DATE(2026,5,3)),"") | F10: =IFERROR(SUMIFS(Data!$F:$F,Data!$B:$B,"อโศก",Data!$C:$C,"ITEM0942",Data!$A:$A,DATE(2026,5,4)),"") | G10: =IFERROR(SUMIFS(Data!$F:$F,Data!$B:$B,"อโศก",Data!$C:$C,"ITEM0942",Data!$A:$A,DATE(2026,5,5)),"") | H10: =IFERROR(SUMIFS(Data!$F:$F,Data!$B:$B,"อโศก",Data!$C:$C,"ITEM0942",Data!$A:$A,DATE(2026,5,6)),"") | I10: =IFERROR(SUMIFS(Data!$F:$F,Data!$B:$B,"อโศก",Data!$C:$C,"ITEM0942",Data!$A:$A,DATE(2026,5,7)),"") | J10: =IFERROR(SUMIFS(Data!$F:$F,Data!$B:$B,"อโศก",Data!$C:$C,"ITEM0942",Data!$A:$A,DATE(2026,5,8)),"") | K10: =IFERROR(SUMIFS(Data!$F:$F,Data!$B:$B,"อโศก",Data!$C:$C,"ITEM0942",Data!$A:$A,DATE(2026,5,9)),"") | L10: =IFERROR(SUMIFS(Data!$F:$F,Data!$B:$B,"อโศก",Data!$C:$C,"ITEM0942",Data!$A:$A,DATE(2026,5,10)),"") | M10: =IFERROR(SUMIFS(Data!$F:$F,Data!$B:$B,"อโศก",Data!$C:$C,"ITEM0942",Data!$A:$A,DATE(2026,5,11)),"") | N10: =IFERROR(SUMIFS(Data!$F:$F,Data!$B:$B,"อโศก",Data!$C:$C,"ITEM0942",Data!$A:$A,DATE(2026,5,12)),"") | O10: =IFERROR(SUMIFS(Data!$F:$F,Data!$B:$B,"อโศก",Data!$C:$C,"ITEM0942",Data!$A:$A,DATE(2026,5,13)),"") | P10: =IFERROR(SUMIFS(Data!$F:$F,Data!$B:$B,"อโศก",Data!$C:$C,"ITEM0942",Data!$A:$A,DATE(2026,5,14)),"") | Q10: =IFERROR(SUMIFS(Data!$F:$F,Data!$B:$B,"อโศก",Data!$C:$C,"ITEM0942",Data!$A:$A,DATE(2026,5,15)),"") | R10: =IFERROR(SUMIFS(Data!$F:$F,Data!$B:$B,"อโศก",Data!$C:$C,"ITEM0942",Data!$A:$A,DATE(2026,5,16)),"") | S10: =IFERROR(SUMIFS(Data!$F:$F,Data!$B:$B,"อโศก",Data!$C:$C,"ITEM0942",Data!$A:$A,DATE(2026,5,17)),"") | T10: =IFERROR(SUMIFS(Data!$F:$F,Data!$B:$B,"อโศก",Data!$C:$C,"ITEM0942",Data!$A:$A,DATE(2026,5,18)),"") | U10: =IFERROR(SUMIFS(Data!$F:$F,Data!$B:$B,"อโศก",Data!$C:$C,"ITEM0942",Data!$A:$A,DATE(2026,5,19)),"") | V10: =IFERROR(SUMIFS(Data!$F:$F,Data!$B:$B,"อโศก",Data!$C:$C,"ITEM0942",Data!$A:$A,DATE(2026,5,20)),"") | W10: =IFERROR(SUMIFS(Data!$F:$F,Data!$B:$B,"อโศก",Data!$C:$C,"ITEM0942",Data!$A:$A,DATE(2026,5,21)),"") | X10: =IFERROR(SUMIFS(Data!$F:$F,Data!$B:$B,"อโศก",Data!$C:$C,"ITEM0942",Data!$A:$A,DATE(2026,5,22)),"") | Y10: =IFERROR(SUMIFS(Data!$F:$F,Data!$B:$B,"อโศก",Data!$C:$C,"ITEM0942",Data!$A:$A,DATE(2026,5,23)),"") | Z10: =IFERROR(SUMIFS(Data!$F:$F,Data!$B:$B,"อโศก",Data!$C:$C,"ITEM0942",Data!$A:$A,DATE(2026,5,24)),"") | AA10: =IFERROR(SUMIFS(Data!$F:$F,Data!$B:$B,"อโศก",Data!$C:$C,"ITEM0942",Data!$A:$A,DATE(2026,5,25)),"") | AB10: =IFERROR(SUMIFS(Data!$F:$F,Data!$B:$B,"อโศก",Data!$C:$C,"ITEM0942",Data!$A:$A,DATE(2026,5,26)),"") | AC10: =IFERROR(SUMIFS(Data!$F:$F,Data!$B:$B,"อโศก",Data!$C:$C,"ITEM0942",Data!$A:$A,DATE(2026,5,27)),"") | AD10: =IFERROR(SUMIFS(Data!$F:$F,Data!$B:$B,"อโศก",Data!$C:$C,"ITEM0942",Data!$A:$A,DATE(2026,5,28)),"") | AE10: =IFERROR(SUMIFS(Data!$F:$F,Data!$B:$B,"อโศก",Data!$C:$C,"ITEM0942",Data!$A:$A,DATE(2026,5,29)),"") | AF10: =IFERROR(SUMIFS(Data!$F:$F,Data!$B:$B,"อโศก",Data!$C:$C,"ITEM0942",Data!$A:$A,DATE(2026,5,30)),"") | AG10: =IFERROR(SUMIFS(Data!$F:$F,Data!$B:$B,"อโศก",Data!$C:$C,"ITEM0942",Data!$A:$A,DATE(2026,5,31)),"") | AH10: =IFERROR(SUM(C10:AG10),0) | AI10: =AH10*35 | AJ10: =IFERROR(AI10/AI20,0)
A11: ITEM0943 | B11: ข้าวมันไก่ทอด | C11: =IFERROR(SUMIFS(Data!$F:$F,Data!$B:$B,"อโศก",Data!$C:$C,"ITEM0943",Data!$A:$A,DATE(2026,5,1)),"") | D11: =IFERROR(SUMIFS(Data!$F:$F,Data!$B:$B,"อโศก",Data!$C:$C,"ITEM0943",Data!$A:$A,DATE(2026,5,2)),"") | E11: =IFERROR(SUMIFS(Data!$F:$F,Data!$B:$B,"อโศก",Data!$C:$C,"ITEM0943",Data!$A:$A,DATE(2026,5,3)),"") | F11: =IFERROR(SUMIFS(Data!$F:$F,Data!$B:$B,"อโศก",Data!$C:$C,"ITEM0943",Data!$A:$A,DATE(2026,5,4)),"") | G11: =IFERROR(SUMIFS(Data!$F:$F,Data!$B:$B,"อโศก",Data!$C:$C,"ITEM0943",Data!$A:$A,DATE(2026,5,5)),"") | H11: =IFERROR(SUMIFS(Data!$F:$F,Data!$B:$B,"อโศก",Data!$C:$C,"ITEM0943",Data!$A:$A,DATE(2026,5,6)),"") | I11: =IFERROR(SUMIFS(Data!$F:$F,Data!$B:$B,"อโศก",Data!$C:$C,"ITEM0943",Data!$A:$A,DATE(2026,5,7)),"") | J11: =IFERROR(SUMIFS(Data!$F:$F,Data!$B:$B,"อโศก",Data!$C:$C,"ITEM0943",Data!$A:$A,DATE(2026,5,8)),"") | K11: =IFERROR(SUMIFS(Data!$F:$F,Data!$B:$B,"อโศก",Data!$C:$C,"ITEM0943",Data!$A:$A,DATE(2026,5,9)),"") | L11: =IFERROR(SUMIFS(Data!$F:$F,Data!$B:$B,"อโศก",Data!$C:$C,"ITEM0943",Data!$A:$A,DATE(2026,5,10)),"") | M11: =IFERROR(SUMIFS(Data!$F:$F,Data!$B:$B,"อโศก",Data!$C:$C,"ITEM0943",Data!$A:$A,DATE(2026,5,11)),"") | N11: =IFERROR(SUMIFS(Data!$F:$F,Data!$B:$B,"อโศก",Data!$C:$C,"ITEM0943",Data!$A:$A,DATE(2026,5,12)),"") | O11: =IFERROR(SUMIFS(Data!$F:$F,Data!$B:$B,"อโศก",Data!$C:$C,"ITEM0943",Data!$A:$A,DATE(2026,5,13)),"") | P11: =IFERROR(SUMIFS(Data!$F:$F,Data!$B:$B,"อโศก",Data!$C:$C,"ITEM0943",Data!$A:$A,DATE(2026,5,14)),"") | Q11: =IFERROR(SUMIFS(Data!$F:$F,Data!$B:$B,"อโศก",Data!$C:$C,"ITEM0943",Data!$A:$A,DATE(2026,5,15)),"") | R11: =IFERROR(SUMIFS(Data!$F:$F,Data!$B:$B,"อโศก",Data!$C:$C,"ITEM0943",Data!$A:$A,DATE(2026,5,16)),"") | S11: =IFERROR(SUMIFS(Data!$F:$F,Data!$B:$B,"อโศก",Data!$C:$C,"ITEM0943",Data!$A:$A,DATE(2026,5,17)),"") | T11: =IFERROR(SUMIFS(Data!$F:$F,Data!$B:$B,"อโศก",Data!$C:$C,"ITEM0943",Data!$A:$A,DATE(2026,5,18)),"") | U11: =IFERROR(SUMIFS(Data!$F:$F,Data!$B:$B,"อโศก",Data!$C:$C,"ITEM0943",Data!$A:$A,DATE(2026,5,19)),"") | V11: =IFERROR(SUMIFS(Data!$F:$F,Data!$B:$B,"อโศก",Data!$C:$C,"ITEM0943",Data!$A:$A,DATE(2026,5,20)),"") | W11: =IFERROR(SUMIFS(Data!$F:$F,Data!$B:$B,"อโศก",Data!$C:$C,"ITEM0943",Data!$A:$A,DATE(2026,5,21)),"") | X11: =IFERROR(SUMIFS(Data!$F:$F,Data!$B:$B,"อโศก",Data!$C:$C,"ITEM0943",Data!$A:$A,DATE(2026,5,22)),"") | Y11: =IFERROR(SUMIFS(Data!$F:$F,Data!$B:$B,"อโศก",Data!$C:$C,"ITEM0943",Data!$A:$A,DATE(2026,5,23)),"") | Z11: =IFERROR(SUMIFS(Data!$F:$F,Data!$B:$B,"อโศก",Data!$C:$C,"ITEM0943",Data!$A:$A,DATE(2026,5,24)),"") | AA11: =IFERROR(SUMIFS(Data!$F:$F,Data!$B:$B,"อโศก",Data!$C:$C,"ITEM0943",Data!$A:$A,DATE(2026,5,25)),"") | AB11: =IFERROR(SUMIFS(Data!$F:$F,Data!$B:$B,"อโศก",Data!$C:$C,"ITEM0943",Data!$A:$A,DATE(2026,5,26)),"") | AC11: =IFERROR(SUMIFS(Data!$F:$F,Data!$B:$B,"อโศก",Data!$C:$C,"ITEM0943",Data!$A:$A,DATE(2026,5,27)),"") | AD11: =IFERROR(SUMIFS(Data!$F:$F,Data!$B:$B,"อโศก",Data!$C:$C,"ITEM0943",Data!$A:$A,DATE(2026,5,28)),"") | AE11: =IFERROR(SUMIFS(Data!$F:$F,Data!$B:$B,"อโศก",Data!$C:$C,"ITEM0943",Data!$A:$A,DATE(2026,5,29)),"") | AF11: =IFERROR(SUMIFS(Data!$F:$F,Data!$B:$B,"อโศก",Data!$C:$C,"ITEM0943",Data!$A:$A,DATE(2026,5,30)),"") | AG11: =IFERROR(SUMIFS(Data!$F:$F,Data!$B:$B,"อโศก",Data!$C:$C,"ITEM0943",Data!$A:$A,DATE(2026,5,31)),"") | AH11: =IFERROR(SUM(C11:AG11),0) | AI11: =AH11*35 | AJ11: =IFERROR(AI11/AI20,0)
A12: ITEM0944 | B12: ข้าวมันไก่ผสม | C12: =IFERROR(SUMIFS(Data!$F:$F,Data!$B:$B,"อโศก",Data!$C:$C,"ITEM0944",Data!$A:$A,DATE(2026,5,1)),"") | D12: =IFERROR(SUMIFS(Data!$F:$F,Data!$B:$B,"อโศก",Data!$C:$C,"ITEM0944",Data!$A:$A,DATE(2026,5,2)),"") | E12: =IFERROR(SUMIFS(Data!$F:$F,Data!$B:$B,"อโศก",Data!$C:$C,"ITEM0944",Data!$A:$A,DATE(2026,5,3)),"") | F12: =IFERROR(SUMIFS(Data!$F:$F,Data!$B:$B,"อโศก",Data!$C:$C,"ITEM0944",Data!$A:$A,DATE(2026,5,4)),"") | G12: =IFERROR(SUMIFS(Data!$F:$F,Data!$B:$B,"อโศก",Data!$C:$C,"ITEM0944",Data!$A:$A,DATE(2026,5,5)),"") | H12: =IFERROR(SUMIFS(Data!$F:$F,Data!$B:$B,"อโศก",Data!$C:$C,"ITEM0944",Data!$A:$A,DATE(2026,5,6)),"") | I12: =IFERROR(SUMIFS(Data!$F:$F,Data!$B:$B,"อโศก",Data!$C:$C,"ITEM0944",Data!$A:$A,DATE(2026,5,7)),"") | J12: =IFERROR(SUMIFS(Data!$F:$F,Data!$B:$B,"อโศก",Data!$C:$C,"ITEM0944",Data!$A:$A,DATE(2026,5,8)),"") | K12: =IFERROR(SUMIFS(Data!$F:$F,Data!$B:$B,"อโศก",Data!$C:$C,"ITEM0944",Data!$A:$A,DATE(2026,5,9)),"") | L12: =IFERROR(SUMIFS(Data!$F:$F,Data!$B:$B,"อโศก",Data!$C:$C,"ITEM0944",Data!$A:$A,DATE(2026,5,10)),"") | M12: =IFERROR(SUMIFS(Data!$F:$F,Data!$B:$B,"อโศก",Data!$C:$C,"ITEM0944",Data!$A:$A,DATE(2026,5,11)),"") | N12: =IFERROR(SUMIFS(Data!$F:$F,Data!$B:$B,"อโศก",Data!$C:$C,"ITEM0944",Data!$A:$A,DATE(2026,5,12)),"") | O12: =IFERROR(SUMIFS(Data!$F:$F,Data!$B:$B,"อโศก",Data!$C:$C,"ITEM0944",Data!$A:$A,DATE(2026,5,13)),"") | P12: =IFERROR(SUMIFS(Data!$F:$F,Data!$B:$B,"อโศก",Data!$C:$C,"ITEM0944",Data!$A:$A,DATE(2026,5,14)),"") | Q12: =IFERROR(SUMIFS(Data!$F:$F,Data!$B:$B,"อโศก",Data!$C:$C,"ITEM0944",Data!$A:$A,DATE(2026,5,15)),"") | R12: =IFERROR(SUMIFS(Data!$F:$F,Data!$B:$B,"อโศก",Data!$C:$C,"ITEM0944",Data!$A:$A,DATE(2026,5,16)),"") | S12: =IFERROR(SUMIFS(Data!$F:$F,Data!$B:$B,"อโศก",Data!$C:$C,"ITEM0944",Data!$A:$A,DATE(2026,5,17)),"") | T12: =IFERROR(SUMIFS(Data!$F:$F,Data!$B:$B,"อโศก",Data!$C:$C,"ITEM0944",Data!$A:$A,DATE(2026,5,18)),"") | U12: =IFERROR(SUMIFS(Data!$F:$F,Data!$B:$B,"อโศก",Data!$C:$C,"ITEM0944",Data!$A:$A,DATE(2026,5,19)),"") | V12: =IFERROR(SUMIFS(Data!$F:$F,Data!$B:$B,"อโศก",Data!$C:$C,"ITEM0944",Data!$A:$A,DATE(2026,5,20)),"") | W12: =IFERROR(SUMIFS(Data!$F:$F,Data!$B:$B,"อโศก",Data!$C:$C,"ITEM0944",Data!$A:$A,DATE(2026,5,21)),"") | X12: =IFERROR(SUMIFS(Data!$F:$F,Data!$B:$B,"อโศก",Data!$C:$C,"ITEM0944",Data!$A:$A,DATE(2026,5,22)),"") | Y12: =IFERROR(SUMIFS(Data!$F:$F,Data!$B:$B,"อโศก",Data!$C:$C,"ITEM0944",Data!$A:$A,DATE(2026,5,23)),"") | Z12: =IFERROR(SUMIFS(Data!$F:$F,Data!$B:$B,"อโศก",Data!$C:$C,"ITEM0944",Data!$A:$A,DATE(2026,5,24)),"") | AA12: =IFERROR(SUMIFS(Data!$F:$F,Data!$B:$B,"อโศก",Data!$C:$C,"ITEM0944",Data!$A:$A,DATE(2026,5,25)),"") | AB12: =IFERROR(SUMIFS(Data!$F:$F,Data!$B:$B,"อโศก",Data!$C:$C,"ITEM0944",Data!$A:$A,DATE(2026,5,26)),"") | AC12: =IFERROR(SUMIFS(Data!$F:$F,Data!$B:$B,"อโศก",Data!$C:$C,"ITEM0944",Data!$A:$A,DATE(2026,5,27)),"") | AD12: =IFERROR(SUMIFS(Data!$F:$F,Data!$B:$B,"อโศก",Data!$C:$C,"ITEM0944",Data!$A:$A,DATE(2026,5,28)),"") | AE12: =IFERROR(SUMIFS(Data!$F:$F,Data!$B:$B,"อโศก",Data!$C:$C,"ITEM0944",Data!$A:$A,DATE(2026,5,29)),"") | AF12: =IFERROR(SUMIFS(Data!$F:$F,Data!$B:$B,"อโศก",Data!$C:$C,"ITEM0944",Data!$A:$A,DATE(2026,5,30)),"") | AG12: =IFERROR(SUMIFS(Data!$F:$F,Data!$B:$B,"อโศก",Data!$C:$C,"ITEM0944",Data!$A:$A,DATE(2026,5,31)),"") | AH12: =IFERROR(SUM(C12:AG12),0) | AI12: =AH12*40 | AJ12: =IFERROR(AI12/AI20,0)
A13: ITEM0945 | B13: ข้าวยำไก่แซ่บ | C13: =IFERROR(SUMIFS(Data!$F:$F,Data!$B:$B,"อโศก",Data!$C:$C,"ITEM0945",Data!$A:$A,DATE(2026,5,1)),"") | D13: =IFERROR(SUMIFS(Data!$F:$F,Data!$B:$B,"อโศก",Data!$C:$C,"ITEM0945",Data!$A:$A,DATE(2026,5,2)),"") | E13: =IFERROR(SUMIFS(Data!$F:$F,Data!$B:$B,"อโศก",Data!$C:$C,"ITEM0945",Data!$A:$A,DATE(2026,5,3)),"") | F13: =IFERROR(SUMIFS(Data!$F:$F,Data!$B:$B,"อโศก",Data!$C:$C,"ITEM0945",Data!$A:$A,DATE(2026,5,4)),"") | G13: =IFERROR(SUMIFS(Data!$F:$F,Data!$B:$B,"อโศก",Data!$C:$C,"ITEM0945",Data!$A:$A,DATE(2026,5,5)),"") | H13: =IFERROR(SUMIFS(Data!$F:$F,Data!$B:$B,"อโศก",Data!$C:$C,"ITEM0945",Data!$A:$A,DATE(2026,5,6)),"") | I13: =IFERROR(SUMIFS(Data!$F:$F,Data!$B:$B,"อโศก",Data!$C:$C,"ITEM0945",Data!$A:$A,DATE(2026,5,7)),"") | J13: =IFERROR(SUMIFS(Data!$F:$F,Data!$B:$B,"อโศก",Data!$C:$C,"ITEM0945",Data!$A:$A,DATE(2026,5,8)),"") | K13: =IFERROR(SUMIFS(Data!$F:$F,Data!$B:$B,"อโศก",Data!$C:$C,"ITEM0945",Data!$A:$A,DATE(2026,5,9)),"") | L13: =IFERROR(SUMIFS(Data!$F:$F,Data!$B:$B,"อโศก",Data!$C:$C,"ITEM0945",Data!$A:$A,DATE(2026,5,10)),"") | M13: =IFERROR(SUMIFS(Data!$F:$F,Data!$B:$B,"อโศก",Data!$C:$C,"ITEM0945",Data!$A:$A,DATE(2026,5,11)),"") | N13: =IFERROR(SUMIFS(Data!$F:$F,Data!$B:$B,"อโศก",Data!$C:$C,"ITEM0945",Data!$A:$A,DATE(2026,5,12)),"") | O13: =IFERROR(SUMIFS(Data!$F:$F,Data!$B:$B,"อโศก",Data!$C:$C,"ITEM0945",Data!$A:$A,DATE(2026,5,13)),"") | P13: =IFERROR(SUMIFS(Data!$F:$F,Data!$B:$B,"อโศก",Data!$C:$C,"ITEM0945",Data!$A:$A,DATE(2026,5,14)),"") | Q13: =IFERROR(SUMIFS(Data!$F:$F,Data!$B:$B,"อโศก",Data!$C:$C,"ITEM0945",Data!$A:$A,DATE(2026,5,15)),"") | R13: =IFERROR(SUMIFS(Data!$F:$F,Data!$B:$B,"อโศก",Data!$C:$C,"ITEM0945",Data!$A:$A,DATE(2026,5,16)),"") | S13: =IFERROR(SUMIFS(Data!$F:$F,Data!$B:$B,"อโศก",Data!$C:$C,"ITEM0945",Data!$A:$A,DATE(2026,5,17)),"") | T13: =IFERROR(SUMIFS(Data!$F:$F,Data!$B:$B,"อโศก",Data!$C:$C,"ITEM0945",Data!$A:$A,DATE(2026,5,18)),"") | U13: =IFERROR(SUMIFS(Data!$F:$F,Data!$B:$B,"อโศก",Data!$C:$C,"ITEM0945",Data!$A:$A,DATE(2026,5,19)),"") | V13: =IFERROR(SUMIFS(Data!$F:$F,Data!$B:$B,"อโศก",Data!$C:$C,"ITEM0945",Data!$A:$A,DATE(2026,5,20)),"") | W13: =IFERROR(SUMIFS(Data!$F:$F,Data!$B:$B,"อโศก",Data!$C:$C,"ITEM0945",Data!$A:$A,DATE(2026,5,21)),"") | X13: =IFERROR(SUMIFS(Data!$F:$F,Data!$B:$B,"อโศก",Data!$C:$C,"ITEM0945",Data!$A:$A,DATE(2026,5,22)),"") | Y13: =IFERROR(SUMIFS(Data!$F:$F,Data!$B:$B,"อโศก",Data!$C:$C,"ITEM0945",Data!$A:$A,DATE(2026,5,23)),"") | Z13: =IFERROR(SUMIFS(Data!$F:$F,Data!$B:$B,"อโศก",Data!$C:$C,"ITEM0945",Data!$A:$A,DATE(2026,5,24)),"") | AA13: =IFERROR(SUMIFS(Data!$F:$F,Data!$B:$B,"อโศก",Data!$C:$C,"ITEM0945",Data!$A:$A,DATE(2026,5,25)),"") | AB13: =IFERROR(SUMIFS(Data!$F:$F,Data!$B:$B,"อโศก",Data!$C:$C,"ITEM0945",Data!$A:$A,DATE(2026,5,26)),"") | AC13: =IFERROR(SUMIFS(Data!$F:$F,Data!$B:$B,"อโศก",Data!$C:$C,"ITEM0945",Data!$A:$A,DATE(2026,5,27)),"") | AD13: =IFERROR(SUMIFS(Data!$F:$F,Data!$B:$B,"อโศก",Data!$C:$C,"ITEM0945",Data!$A:$A,DATE(2026,5,28)),"") | AE13: =IFERROR(SUMIFS(Data!$F:$F,Data!$B:$B,"อโศก",Data!$C:$C,"ITEM0945",Data!$A:$A,DATE(2026,5,29)),"") | AF13: =IFERROR(SUMIFS(Data!$F:$F,Data!$B:$B,"อโศก",Data!$C:$C,"ITEM0945",Data!$A:$A,DATE(2026,5,30)),"") | AG13: =IFERROR(SUMIFS(Data!$F:$F,Data!$B:$B,"อโศก",Data!$C:$C,"ITEM0945",Data!$A:$A,DATE(2026,5,31)),"") | AH13: =IFERROR(SUM(C13:AG13),0) | AI13: =AH13*38 | AJ13: =IFERROR(AI13/AI20,0)
A14: ITEM0946 | B14: ยำแซ่บไก่ฉีก | C14: =IFERROR(SUMIFS(Data!$F:$F,Data!$B:$B,"อโศก",Data!$C:$C,"ITEM0946",Data!$A:$A,DATE(2026,5,1)),"") | D14: =IFERROR(SUMIFS(Data!$F:$F,Data!$B:$B,"อโศก",Data!$C:$C,"ITEM0946",Data!$A:$A,DATE(2026,5,2)),"") | E14: =IFERROR(SUMIFS(Data!$F:$F,Data!$B:$B,"อโศก",Data!$C:$C,"ITEM0946",Data!$A:$A,DATE(2026,5,3)),"") | F14: =IFERROR(SUMIFS(Data!$F:$F,Data!$B:$B,"อโศก",Data!$C:$C,"ITEM0946",Data!$A:$A,DATE(2026,5,4)),"") | G14: =IFERROR(SUMIFS(Data!$F:$F,Data!$B:$B,"อโศก",Data!$C:$C,"ITEM0946",Data!$A:$A,DATE(2026,5,5)),"") | H14: =IFERROR(SUMIFS(Data!$F:$F,Data!$B:$B,"อโศก",Data!$C:$C,"ITEM0946",Data!$A:$A,DATE(2026,5,6)),"") | I14: =IFERROR(SUMIFS(Data!$F:$F,Data!$B:$B,"อโศก",Data!$C:$C,"ITEM0946",Data!$A:$A,DATE(2026,5,7)),"") | J14: =IFERROR(SUMIFS(Data!$F:$F,Data!$B:$B,"อโศก",Data!$C:$C,"ITEM0946",Data!$A:$A,DATE(2026,5,8)),"") | K14: =IFERROR(SUMIFS(Data!$F:$F,Data!$B:$B,"อโศก",Data!$C:$C,"ITEM0946",Data!$A:$A,DATE(2026,5,9)),"") | L14: =IFERROR(SUMIFS(Data!$F:$F,Data!$B:$B,"อโศก",Data!$C:$C,"ITEM0946",Data!$A:$A,DATE(2026,5,10)),"") | M14: =IFERROR(SUMIFS(Data!$F:$F,Data!$B:$B,"อโศก",Data!$C:$C,"ITEM0946",Data!$A:$A,DATE(2026,5,11)),"") | N14: =IFERROR(SUMIFS(Data!$F:$F,Data!$B:$B,"อโศก",Data!$C:$C,"ITEM0946",Data!$A:$A,DATE(2026,5,12)),"") | O14: =IFERROR(SUMIFS(Data!$F:$F,Data!$B:$B,"อโศก",Data!$C:$C,"ITEM0946",Data!$A:$A,DATE(2026,5,13)),"") | P14: =IFERROR(SUMIFS(Data!$F:$F,Data!$B:$B,"อโศก",Data!$C:$C,"ITEM0946",Data!$A:$A,DATE(2026,5,14)),"") | Q14: =IFERROR(SUMIFS(Data!$F:$F,Data!$B:$B,"อโศก",Data!$C:$C,"ITEM0946",Data!$A:$A,DATE(2026,5,15)),"") | R14: =IFERROR(SUMIFS(Data!$F:$F,Data!$B:$B,"อโศก",Data!$C:$C,"ITEM0946",Data!$A:$A,DATE(2026,5,16)),"") | S14: =IFERROR(SUMIFS(Data!$F:$F,Data!$B:$B,"อโศก",Data!$C:$C,"ITEM0946",Data!$A:$A,DATE(2026,5,17)),"") | T14: =IFERROR(SUMIFS(Data!$F:$F,Data!$B:$B,"อโศก",Data!$C:$C,"ITEM0946",Data!$A:$A,DATE(2026,5,18)),"") | U14: =IFERROR(SUMIFS(Data!$F:$F,Data!$B:$B,"อโศก",Data!$C:$C,"ITEM0946",Data!$A:$A,DATE(2026,5,19)),"") | V14: =IFERROR(SUMIFS(Data!$F:$F,Data!$B:$B,"อโศก",Data!$C:$C,"ITEM0946",Data!$A:$A,DATE(2026,5,20)),"") | W14: =IFERROR(SUMIFS(Data!$F:$F,Data!$B:$B,"อโศก",Data!$C:$C,"ITEM0946",Data!$A:$A,DATE(2026,5,21)),"") | X14: =IFERROR(SUMIFS(Data!$F:$F,Data!$B:$B,"อโศก",Data!$C:$C,"ITEM0946",Data!$A:$A,DATE(2026,5,22)),"") | Y14: =IFERROR(SUMIFS(Data!$F:$F,Data!$B:$B,"อโศก",Data!$C:$C,"ITEM0946",Data!$A:$A,DATE(2026,5,23)),"") | Z14: =IFERROR(SUMIFS(Data!$F:$F,Data!$B:$B,"อโศก",Data!$C:$C,"ITEM0946",Data!$A:$A,DATE(2026,5,24)),"") | AA14: =IFERROR(SUMIFS(Data!$F:$F,Data!$B:$B,"อโศก",Data!$C:$C,"ITEM0946",Data!$A:$A,DATE(2026,5,25)),"") | AB14: =IFERROR(SUMIFS(Data!$F:$F,Data!$B:$B,"อโศก",Data!$C:$C,"ITEM0946",Data!$A:$A,DATE(2026,5,26)),"") | AC14: =IFERROR(SUMIFS(Data!$F:$F,Data!$B:$B,"อโศก",Data!$C:$C,"ITEM0946",Data!$A:$A,DATE(2026,5,27)),"") | AD14: =IFERROR(SUMIFS(Data!$F:$F,Data!$B:$B,"อโศก",Data!$C:$C,"ITEM0946",Data!$A:$A,DATE(2026,5,28)),"") | AE14: =IFERROR(SUMIFS(Data!$F:$F,Data!$B:$B,"อโศก",Data!$C:$C,"ITEM0946",Data!$A:$A,DATE(2026,5,29)),"") | AF14: =IFERROR(SUMIFS(Data!$F:$F,Data!$B:$B,"อโศก",Data!$C:$C,"ITEM0946",Data!$A:$A,DATE(2026,5,30)),"") | AG14: =IFERROR(SUMIFS(Data!$F:$F,Data!$B:$B,"อโศก",Data!$C:$C,"ITEM0946",Data!$A:$A,DATE(2026,5,31)),"") | AH14: =IFERROR(SUM(C14:AG14),0) | AI14: =AH14*32 | AJ14: =IFERROR(AI14/AI20,0)
A15: ITEM0947 | B15: ชุดเซต ข้าวมันไก่ต้ม | C15: =IFERROR(SUMIFS(Data!$F:$F,Data!$B:$B,"อโศก",Data!$C:$C,"ITEM0947",Data!$A:$A,DATE(2026,5,1)),"") | D15: =IFERROR(SUMIFS(Data!$F:$F,Data!$B:$B,"อโศก",Data!$C:$C,"ITEM0947",Data!$A:$A,DATE(2026,5,2)),"") | E15: =IFERROR(SUMIFS(Data!$F:$F,Data!$B:$B,"อโศก",Data!$C:$C,"ITEM0947",Data!$A:$A,DATE(2026,5,3)),"") | F15: =IFERROR(SUMIFS(Data!$F:$F,Data!$B:$B,"อโศก",Data!$C:$C,"ITEM0947",Data!$A:$A,DATE(2026,5,4)),"") | G15: =IFERROR(SUMIFS(Data!$F:$F,Data!$B:$B,"อโศก",Data!$C:$C,"ITEM0947",Data!$A:$A,DATE(2026,5,5)),"") | H15: =IFERROR(SUMIFS(Data!$F:$F,Data!$B:$B,"อโศก",Data!$C:$C,"ITEM0947",Data!$A:$A,DATE(2026,5,6)),"") | I15: =IFERROR(SUMIFS(Data!$F:$F,Data!$B:$B,"อโศก",Data!$C:$C,"ITEM0947",Data!$A:$A,DATE(2026,5,7)),"") | J15: =IFERROR(SUMIFS(Data!$F:$F,Data!$B:$B,"อโศก",Data!$C:$C,"ITEM0947",Data!$A:$A,DATE(2026,5,8)),"") | K15: =IFERROR(SUMIFS(Data!$F:$F,Data!$B:$B,"อโศก",Data!$C:$C,"ITEM0947",Data!$A:$A,DATE(2026,5,9)),"") | L15: =IFERROR(SUMIFS(Data!$F:$F,Data!$B:$B,"อโศก",Data!$C:$C,"ITEM0947",Data!$A:$A,DATE(2026,5,10)),"") | M15: =IFERROR(SUMIFS(Data!$F:$F,Data!$B:$B,"อโศก",Data!$C:$C,"ITEM0947",Data!$A:$A,DATE(2026,5,11)),"") | N15: =IFERROR(SUMIFS(Data!$F:$F,Data!$B:$B,"อโศก",Data!$C:$C,"ITEM0947",Data!$A:$A,DATE(2026,5,12)),"") | O15: =IFERROR(SUMIFS(Data!$F:$F,Data!$B:$B,"อโศก",Data!$C:$C,"ITEM0947",Data!$A:$A,DATE(2026,5,13)),"") | P15: =IFERROR(SUMIFS(Data!$F:$F,Data!$B:$B,"อโศก",Data!$C:$C,"ITEM0947",Data!$A:$A,DATE(2026,5,14)),"") | Q15: =IFERROR(SUMIFS(Data!$F:$F,Data!$B:$B,"อโศก",Data!$C:$C,"ITEM0947",Data!$A:$A,DATE(2026,5,15)),"") | R15: =IFERROR(SUMIFS(Data!$F:$F,Data!$B:$B,"อโศก",Data!$C:$C,"ITEM0947",Data!$A:$A,DATE(2026,5,16)),"") | S15: =IFERROR(SUMIFS(Data!$F:$F,Data!$B:$B,"อโศก",Data!$C:$C,"ITEM0947",Data!$A:$A,DATE(2026,5,17)),"") | T15: =IFERROR(SUMIFS(Data!$F:$F,Data!$B:$B,"อโศก",Data!$C:$C,"ITEM0947",Data!$A:$A,DATE(2026,5,18)),"") | U15: =IFERROR(SUMIFS(Data!$F:$F,Data!$B:$B,"อโศก",Data!$C:$C,"ITEM0947",Data!$A:$A,DATE(2026,5,19)),"") | V15: =IFERROR(SUMIFS(Data!$F:$F,Data!$B:$B,"อโศก",Data!$C:$C,"ITEM0947",Data!$A:$A,DATE(2026,5,20)),"") | W15: =IFERROR(SUMIFS(Data!$F:$F,Data!$B:$B,"อโศก",Data!$C:$C,"ITEM0947",Data!$A:$A,DATE(2026,5,21)),"") | X15: =IFERROR(SUMIFS(Data!$F:$F,Data!$B:$B,"อโศก",Data!$C:$C,"ITEM0947",Data!$A:$A,DATE(2026,5,22)),"") | Y15: =IFERROR(SUMIFS(Data!$F:$F,Data!$B:$B,"อโศก",Data!$C:$C,"ITEM0947",Data!$A:$A,DATE(2026,5,23)),"") | Z15: =IFERROR(SUMIFS(Data!$F:$F,Data!$B:$B,"อโศก",Data!$C:$C,"ITEM0947",Data!$A:$A,DATE(2026,5,24)),"") | AA15: =IFERROR(SUMIFS(Data!$F:$F,Data!$B:$B,"อโศก",Data!$C:$C,"ITEM0947",Data!$A:$A,DATE(2026,5,25)),"") | AB15: =IFERROR(SUMIFS(Data!$F:$F,Data!$B:$B,"อโศก",Data!$C:$C,"ITEM0947",Data!$A:$A,DATE(2026,5,26)),"") | AC15: =IFERROR(SUMIFS(Data!$F:$F,Data!$B:$B,"อโศก",Data!$C:$C,"ITEM0947",Data!$A:$A,DATE(2026,5,27)),"") | AD15: =IFERROR(SUMIFS(Data!$F:$F,Data!$B:$B,"อโศก",Data!$C:$C,"ITEM0947",Data!$A:$A,DATE(2026,5,28)),"") | AE15: =IFERROR(SUMIFS(Data!$F:$F,Data!$B:$B,"อโศก",Data!$C:$C,"ITEM0947",Data!$A:$A,DATE(2026,5,29)),"") | AF15: =IFERROR(SUMIFS(Data!$F:$F,Data!$B:$B,"อโศก",Data!$C:$C,"ITEM0947",Data!$A:$A,DATE(2026,5,30)),"") | AG15: =IFERROR(SUMIFS(Data!$F:$F,Data!$B:$B,"อโศก",Data!$C:$C,"ITEM0947",Data!$A:$A,DATE(2026,5,31)),"") | AH15: =IFERROR(SUM(C15:AG15),0) | AI15: =AH15*100 | AJ15: =IFERROR(AI15/AI20,0)
A16: ITEM0948 | B16: ชุดเซต ข้าวมันไก่สิงคโปร์ | C16: =IFERROR(SUMIFS(Data!$F:$F,Data!$B:$B,"อโศก",Data!$C:$C,"ITEM0948",Data!$A:$A,DATE(2026,5,1)),"") | D16: =IFERROR(SUMIFS(Data!$F:$F,Data!$B:$B,"อโศก",Data!$C:$C,"ITEM0948",Data!$A:$A,DATE(2026,5,2)),"") | E16: =IFERROR(SUMIFS(Data!$F:$F,Data!$B:$B,"อโศก",Data!$C:$C,"ITEM0948",Data!$A:$A,DATE(2026,5,3)),"") | F16: =IFERROR(SUMIFS(Data!$F:$F,Data!$B:$B,"อโศก",Data!$C:$C,"ITEM0948",Data!$A:$A,DATE(2026,5,4)),"") | G16: =IFERROR(SUMIFS(Data!$F:$F,Data!$B:$B,"อโศก",Data!$C:$C,"ITEM0948",Data!$A:$A,DATE(2026,5,5)),"") | H16: =IFERROR(SUMIFS(Data!$F:$F,Data!$B:$B,"อโศก",Data!$C:$C,"ITEM0948",Data!$A:$A,DATE(2026,5,6)),"") | I16: =IFERROR(SUMIFS(Data!$F:$F,Data!$B:$B,"อโศก",Data!$C:$C,"ITEM0948",Data!$A:$A,DATE(2026,5,7)),"") | J16: =IFERROR(SUMIFS(Data!$F:$F,Data!$B:$B,"อโศก",Data!$C:$C,"ITEM0948",Data!$A:$A,DATE(2026,5,8)),"") | K16: =IFERROR(SUMIFS(Data!$F:$F,Data!$B:$B,"อโศก",Data!$C:$C,"ITEM0948",Data!$A:$A,DATE(2026,5,9)),"") | L16: =IFERROR(SUMIFS(Data!$F:$F,Data!$B:$B,"อโศก",Data!$C:$C,"ITEM0948",Data!$A:$A,DATE(2026,5,10)),"") | M16: =IFERROR(SUMIFS(Data!$F:$F,Data!$B:$B,"อโศก",Data!$C:$C,"ITEM0948",Data!$A:$A,DATE(2026,5,11)),"") | N16: =IFERROR(SUMIFS(Data!$F:$F,Data!$B:$B,"อโศก",Data!$C:$C,"ITEM0948",Data!$A:$A,DATE(2026,5,12)),"") | O16: =IFERROR(SUMIFS(Data!$F:$F,Data!$B:$B,"อโศก",Data!$C:$C,"ITEM0948",Data!$A:$A,DATE(2026,5,13)),"") | P16: =IFERROR(SUMIFS(Data!$F:$F,Data!$B:$B,"อโศก",Data!$C:$C,"ITEM0948",Data!$A:$A,DATE(2026,5,14)),"") | Q16: =IFERROR(SUMIFS(Data!$F:$F,Data!$B:$B,"อโศก",Data!$C:$C,"ITEM0948",Data!$A:$A,DATE(2026,5,15)),"") | R16: =IFERROR(SUMIFS(Data!$F:$F,Data!$B:$B,"อโศก",Data!$C:$C,"ITEM0948",Data!$A:$A,DATE(2026,5,16)),"") | S16: =IFERROR(SUMIFS(Data!$F:$F,Data!$B:$B,"อโศก",Data!$C:$C,"ITEM0948",Data!$A:$A,DATE(2026,5,17)),"") | T16: =IFERROR(SUMIFS(Data!$F:$F,Data!$B:$B,"อโศก",Data!$C:$C,"ITEM0948",Data!$A:$A,DATE(2026,5,18)),"") | U16: =IFERROR(SUMIFS(Data!$F:$F,Data!$B:$B,"อโศก",Data!$C:$C,"ITEM0948",Data!$A:$A,DATE(2026,5,19)),"") | V16: =IFERROR(SUMIFS(Data!$F:$F,Data!$B:$B,"อโศก",Data!$C:$C,"ITEM0948",Data!$A:$A,DATE(2026,5,20)),"") | W16: =IFERROR(SUMIFS(Data!$F:$F,Data!$B:$B,"อโศก",Data!$C:$C,"ITEM0948",Data!$A:$A,DATE(2026,5,21)),"") | X16: =IFERROR(SUMIFS(Data!$F:$F,Data!$B:$B,"อโศก",Data!$C:$C,"ITEM0948",Data!$A:$A,DATE(2026,5,22)),"") | Y16: =IFERROR(SUMIFS(Data!$F:$F,Data!$B:$B,"อโศก",Data!$C:$C,"ITEM0948",Data!$A:$A,DATE(2026,5,23)),"") | Z16: =IFERROR(SUMIFS(Data!$F:$F,Data!$B:$B,"อโศก",Data!$C:$C,"ITEM0948",Data!$A:$A,DATE(2026,5,24)),"") | AA16: =IFERROR(SUMIFS(Data!$F:$F,Data!$B:$B,"อโศก",Data!$C:$C,"ITEM0948",Data!$A:$A,DATE(2026,5,25)),"") | AB16: =IFERROR(SUMIFS(Data!$F:$F,Data!$B:$B,"อโศก",Data!$C:$C,"ITEM0948",Data!$A:$A,DATE(2026,5,26)),"") | AC16: =IFERROR(SUMIFS(Data!$F:$F,Data!$B:$B,"อโศก",Data!$C:$C,"ITEM0948",Data!$A:$A,DATE(2026,5,27)),"") | AD16: =IFERROR(SUMIFS(Data!$F:$F,Data!$B:$B,"อโศก",Data!$C:$C,"ITEM0948",Data!$A:$A,DATE(2026,5,28)),"") | AE16: =IFERROR(SUMIFS(Data!$F:$F,Data!$B:$B,"อโศก",Data!$C:$C,"ITEM0948",Data!$A:$A,DATE(2026,5,29)),"") | AF16: =IFERROR(SUMIFS(Data!$F:$F,Data!$B:$B,"อโศก",Data!$C:$C,"ITEM0948",Data!$A:$A,DATE(2026,5,30)),"") | AG16: =IFERROR(SUMIFS(Data!$F:$F,Data!$B:$B,"อโศก",Data!$C:$C,"ITEM0948",Data!$A:$A,DATE(2026,5,31)),"") | AH16: =IFERROR(SUM(C16:AG16),0) | AI16: =AH16*119 | AJ16: =IFERROR(AI16/AI20,0)
A17: ITEM0949 | B17: เพิ่มตับนุ่ม | C17: =IFERROR(SUMIFS(Data!$F:$F,Data!$B:$B,"อโศก",Data!$C:$C,"ITEM0949",Data!$A:$A,DATE(2026,5,1)),"") | D17: =IFERROR(SUMIFS(Data!$F:$F,Data!$B:$B,"อโศก",Data!$C:$C,"ITEM0949",Data!$A:$A,DATE(2026,5,2)),"") | E17: =IFERROR(SUMIFS(Data!$F:$F,Data!$B:$B,"อโศก",Data!$C:$C,"ITEM0949",Data!$A:$A,DATE(2026,5,3)),"") | F17: =IFERROR(SUMIFS(Data!$F:$F,Data!$B:$B,"อโศก",Data!$C:$C,"ITEM0949",Data!$A:$A,DATE(2026,5,4)),"") | G17: =IFERROR(SUMIFS(Data!$F:$F,Data!$B:$B,"อโศก",Data!$C:$C,"ITEM0949",Data!$A:$A,DATE(2026,5,5)),"") | H17: =IFERROR(SUMIFS(Data!$F:$F,Data!$B:$B,"อโศก",Data!$C:$C,"ITEM0949",Data!$A:$A,DATE(2026,5,6)),"") | I17: =IFERROR(SUMIFS(Data!$F:$F,Data!$B:$B,"อโศก",Data!$C:$C,"ITEM0949",Data!$A:$A,DATE(2026,5,7)),"") | J17: =IFERROR(SUMIFS(Data!$F:$F,Data!$B:$B,"อโศก",Data!$C:$C,"ITEM0949",Data!$A:$A,DATE(2026,5,8)),"") | K17: =IFERROR(SUMIFS(Data!$F:$F,Data!$B:$B,"อโศก",Data!$C:$C,"ITEM0949",Data!$A:$A,DATE(2026,5,9)),"") | L17: =IFERROR(SUMIFS(Data!$F:$F,Data!$B:$B,"อโศก",Data!$C:$C,"ITEM0949",Data!$A:$A,DATE(2026,5,10)),"") | M17: =IFERROR(SUMIFS(Data!$F:$F,Data!$B:$B,"อโศก",Data!$C:$C,"ITEM0949",Data!$A:$A,DATE(2026,5,11)),"") | N17: =IFERROR(SUMIFS(Data!$F:$F,Data!$B:$B,"อโศก",Data!$C:$C,"ITEM0949",Data!$A:$A,DATE(2026,5,12)),"") | O17: =IFERROR(SUMIFS(Data!$F:$F,Data!$B:$B,"อโศก",Data!$C:$C,"ITEM0949",Data!$A:$A,DATE(2026,5,13)),"") | P17: =IFERROR(SUMIFS(Data!$F:$F,Data!$B:$B,"อโศก",Data!$C:$C,"ITEM0949",Data!$A:$A,DATE(2026,5,14)),"") | Q17: =IFERROR(SUMIFS(Data!$F:$F,Data!$B:$B,"อโศก",Data!$C:$C,"ITEM0949",Data!$A:$A,DATE(2026,5,15)),"") | R17: =IFERROR(SUMIFS(Data!$F:$F,Data!$B:$B,"อโศก",Data!$C:$C,"ITEM0949",Data!$A:$A,DATE(2026,5,16)),"") | S17: =IFERROR(SUMIFS(Data!$F:$F,Data!$B:$B,"อโศก",Data!$C:$C,"ITEM0949",Data!$A:$A,DATE(2026,5,17)),"") | T17: =IFERROR(SUMIFS(Data!$F:$F,Data!$B:$B,"อโศก",Data!$C:$C,"ITEM0949",Data!$A:$A,DATE(2026,5,18)),"") | U17: =IFERROR(SUMIFS(Data!$F:$F,Data!$B:$B,"อโศก",Data!$C:$C,"ITEM0949",Data!$A:$A,DATE(2026,5,19)),"") | V17: =IFERROR(SUMIFS(Data!$F:$F,Data!$B:$B,"อโศก",Data!$C:$C,"ITEM0949",Data!$A:$A,DATE(2026,5,20)),"") | W17: =IFERROR(SUMIFS(Data!$F:$F,Data!$B:$B,"อโศก",Data!$C:$C,"ITEM0949",Data!$A:$A,DATE(2026,5,21)),"") | X17: =IFERROR(SUMIFS(Data!$F:$F,Data!$B:$B,"อโศก",Data!$C:$C,"ITEM0949",Data!$A:$A,DATE(2026,5,22)),"") | Y17: =IFERROR(SUMIFS(Data!$F:$F,Data!$B:$B,"อโศก",Data!$C:$C,"ITEM0949",Data!$A:$A,DATE(2026,5,23)),"") | Z17: =IFERROR(SUMIFS(Data!$F:$F,Data!$B:$B,"อโศก",Data!$C:$C,"ITEM0949",Data!$A:$A,DATE(2026,5,24)),"") | AA17: =IFERROR(SUMIFS(Data!$F:$F,Data!$B:$B,"อโศก",Data!$C:$C,"ITEM0949",Data!$A:$A,DATE(2026,5,25)),"") | AB17: =IFERROR(SUMIFS(Data!$F:$F,Data!$B:$B,"อโศก",Data!$C:$C,"ITEM0949",Data!$A:$A,DATE(2026,5,26)),"") | AC17: =IFERROR(SUMIFS(Data!$F:$F,Data!$B:$B,"อโศก",Data!$C:$C,"ITEM0949",Data!$A:$A,DATE(2026,5,27)),"") | AD17: =IFERROR(SUMIFS(Data!$F:$F,Data!$B:$B,"อโศก",Data!$C:$C,"ITEM0949",Data!$A:$A,DATE(2026,5,28)),"") | AE17: =IFERROR(SUMIFS(Data!$F:$F,Data!$B:$B,"อโศก",Data!$C:$C,"ITEM0949",Data!$A:$A,DATE(2026,5,29)),"") | AF17: =IFERROR(SUMIFS(Data!$F:$F,Data!$B:$B,"อโศก",Data!$C:$C,"ITEM0949",Data!$A:$A,DATE(2026,5,30)),"") | AG17: =IFERROR(SUMIFS(Data!$F:$F,Data!$B:$B,"อโศก",Data!$C:$C,"ITEM0949",Data!$A:$A,DATE(2026,5,31)),"") | AH17: =IFERROR(SUM(C17:AG17),0) | AI17: =AH17*15 | AJ17: =IFERROR(AI17/AI20,0)
A18: ITEM0950 | B18: ไข่ยางมะตูม | C18: =IFERROR(SUMIFS(Data!$F:$F,Data!$B:$B,"อโศก",Data!$C:$C,"ITEM0950",Data!$A:$A,DATE(2026,5,1)),"") | D18: =IFERROR(SUMIFS(Data!$F:$F,Data!$B:$B,"อโศก",Data!$C:$C,"ITEM0950",Data!$A:$A,DATE(2026,5,2)),"") | E18: =IFERROR(SUMIFS(Data!$F:$F,Data!$B:$B,"อโศก",Data!$C:$C,"ITEM0950",Data!$A:$A,DATE(2026,5,3)),"") | F18: =IFERROR(SUMIFS(Data!$F:$F,Data!$B:$B,"อโศก",Data!$C:$C,"ITEM0950",Data!$A:$A,DATE(2026,5,4)),"") | G18: =IFERROR(SUMIFS(Data!$F:$F,Data!$B:$B,"อโศก",Data!$C:$C,"ITEM0950",Data!$A:$A,DATE(2026,5,5)),"") | H18: =IFERROR(SUMIFS(Data!$F:$F,Data!$B:$B,"อโศก",Data!$C:$C,"ITEM0950",Data!$A:$A,DATE(2026,5,6)),"") | I18: =IFERROR(SUMIFS(Data!$F:$F,Data!$B:$B,"อโศก",Data!$C:$C,"ITEM0950",Data!$A:$A,DATE(2026,5,7)),"") | J18: =IFERROR(SUMIFS(Data!$F:$F,Data!$B:$B,"อโศก",Data!$C:$C,"ITEM0950",Data!$A:$A,DATE(2026,5,8)),"") | K18: =IFERROR(SUMIFS(Data!$F:$F,Data!$B:$B,"อโศก",Data!$C:$C,"ITEM0950",Data!$A:$A,DATE(2026,5,9)),"") | L18: =IFERROR(SUMIFS(Data!$F:$F,Data!$B:$B,"อโศก",Data!$C:$C,"ITEM0950",Data!$A:$A,DATE(2026,5,10)),"") | M18: =IFERROR(SUMIFS(Data!$F:$F,Data!$B:$B,"อโศก",Data!$C:$C,"ITEM0950",Data!$A:$A,DATE(2026,5,11)),"") | N18: =IFERROR(SUMIFS(Data!$F:$F,Data!$B:$B,"อโศก",Data!$C:$C,"ITEM0950",Data!$A:$A,DATE(2026,5,12)),"") | O18: =IFERROR(SUMIFS(Data!$F:$F,Data!$B:$B,"อโศก",Data!$C:$C,"ITEM0950",Data!$A:$A,DATE(2026,5,13)),"") | P18: =IFERROR(SUMIFS(Data!$F:$F,Data!$B:$B,"อโศก",Data!$C:$C,"ITEM0950",Data!$A:$A,DATE(2026,5,14)),"") | Q18: =IFERROR(SUMIFS(Data!$F:$F,Data!$B:$B,"อโศก",Data!$C:$C,"ITEM0950",Data!$A:$A,DATE(2026,5,15)),"") | R18: =IFERROR(SUMIFS(Data!$F:$F,Data!$B:$B,"อโศก",Data!$C:$C,"ITEM0950",Data!$A:$A,DATE(2026,5,16)),"") | S18: =IFERROR(SUMIFS(Data!$F:$F,Data!$B:$B,"อโศก",Data!$C:$C,"ITEM0950",Data!$A:$A,DATE(2026,5,17)),"") | T18: =IFERROR(SUMIFS(Data!$F:$F,Data!$B:$B,"อโศก",Data!$C:$C,"ITEM0950",Data!$A:$A,DATE(2026,5,18)),"") | U18: =IFERROR(SUMIFS(Data!$F:$F,Data!$B:$B,"อโศก",Data!$C:$C,"ITEM0950",Data!$A:$A,DATE(2026,5,19)),"") | V18: =IFERROR(SUMIFS(Data!$F:$F,Data!$B:$B,"อโศก",Data!$C:$C,"ITEM0950",Data!$A:$A,DATE(2026,5,20)),"") | W18: =IFERROR(SUMIFS(Data!$F:$F,Data!$B:$B,"อโศก",Data!$C:$C,"ITEM0950",Data!$A:$A,DATE(2026,5,21)),"") | X18: =IFERROR(SUMIFS(Data!$F:$F,Data!$B:$B,"อโศก",Data!$C:$C,"ITEM0950",Data!$A:$A,DATE(2026,5,22)),"") | Y18: =IFERROR(SUMIFS(Data!$F:$F,Data!$B:$B,"อโศก",Data!$C:$C,"ITEM0950",Data!$A:$A,DATE(2026,5,23)),"") | Z18: =IFERROR(SUMIFS(Data!$F:$F,Data!$B:$B,"อโศก",Data!$C:$C,"ITEM0950",Data!$A:$A,DATE(2026,5,24)),"") | AA18: =IFERROR(SUMIFS(Data!$F:$F,Data!$B:$B,"อโศก",Data!$C:$C,"ITEM0950",Data!$A:$A,DATE(2026,5,25)),"") | AB18: =IFERROR(SUMIFS(Data!$F:$F,Data!$B:$B,"อโศก",Data!$C:$C,"ITEM0950",Data!$A:$A,DATE(2026,5,26)),"") | AC18: =IFERROR(SUMIFS(Data!$F:$F,Data!$B:$B,"อโศก",Data!$C:$C,"ITEM0950",Data!$A:$A,DATE(2026,5,27)),"") | AD18: =IFERROR(SUMIFS(Data!$F:$F,Data!$B:$B,"อโศก",Data!$C:$C,"ITEM0950",Data!$A:$A,DATE(2026,5,28)),"") | AE18: =IFERROR(SUMIFS(Data!$F:$F,Data!$B:$B,"อโศก",Data!$C:$C,"ITEM0950",Data!$A:$A,DATE(2026,5,29)),"") | AF18: =IFERROR(SUMIFS(Data!$F:$F,Data!$B:$B,"อโศก",Data!$C:$C,"ITEM0950",Data!$A:$A,DATE(2026,5,30)),"") | AG18: =IFERROR(SUMIFS(Data!$F:$F,Data!$B:$B,"อโศก",Data!$C:$C,"ITEM0950",Data!$A:$A,DATE(2026,5,31)),"") | AH18: =IFERROR(SUM(C18:AG18),0) | AI18: =AH18*7 | AJ18: =IFERROR(AI18/AI20,0)
B20: รวมทั้งหมด | C20: =IFERROR(SUM(C4:C18),0) | D20: =IFERROR(SUM(D4:D18),0) | E20: =IFERROR(SUM(E4:E18),0) | F20: =IFERROR(SUM(F4:F18),0) | G20: =IFERROR(SUM(G4:G18),0) | H20: =IFERROR(SUM(H4:H18),0) | I20: =IFERROR(SUM(I4:I18),0) | J20: =IFERROR(SUM(J4:J18),0) | ... AI20: =IFERROR(SUM(AI4:AI18),0)
A22: ยอดรวมจาก Data (฿) | C22: =IFERROR(SUMIFS(Data!$F:$F,Data!$B:$B,"อโศก",Data!$A:$A,DATE(2026,5,1)),"—") | D22: =IFERROR(SUMIFS(Data!$F:$F,Data!$B:$B,"อโศก",Data!$A:$A,DATE(2026,5,2)),"—") | E22: =IFERROR(SUMIFS(Data!$F:$F,Data!$B:$B,"อโศก",Data!$A:$A,DATE(2026,5,3)),"—") | F22: =IFERROR(SUMIFS(Data!$F:$F,Data!$B:$B,"อโศก",Data!$A:$A,DATE(2026,5,4)),"—") | G22: =IFERROR(SUMIFS(Data!$F:$F,Data!$B:$B,"อโศก",Data!$A:$A,DATE(2026,5,5)),"—") | H22: =IFERROR(SUMIFS(Data!$F:$F,Data!$B:$B,"อโศก",Data!$A:$A,DATE(2026,5,6)),"—") | I22: =IFERROR(SUMIFS(Data!$F:$F,Data!$B:$B,"อโศก",Data!$A:$A,DATE(2026,5,7)),"—") | J22: =IFERROR(SUMIFS(Data!$F:$F,Data!$B:$B,"อโศก",Data!$A:$A,DATE(2026,5,8)),"—") | K22: =IFERROR(SUMIFS(Data!$F:$F,Data!$B:$B,"อโศก",Data!$A:$A,DATE(2026,5,9)),"—") | L22: =IFERROR(SUMIFS(Data!$F:$F,Data!$B:$B,"อโศก",Data!$A:$A,DATE(2026,5,10)),"—") | M22: =IFERROR(SUMIFS(Data!$F:$F,Data!$B:$B,"อโศก",Data!$A:$A,DATE(2026,5,11)),"—") | N22: =IFERROR(SUMIFS(Data!$F:$F,Data!$B:$B,"อโศก",Data!$A:$A,DATE(2026,5,12)),"—") | O22: =IFERROR(SUMIFS(Data!$F:$F,Data!$B:$B,"อโศก",Data!$A:$A,DATE(2026,5,13)),"—") | P22: =IFERROR(SUMIFS(Data!$F:$F,Data!$B:$B,"อโศก",Data!$A:$A,DATE(2026,5,14)),"—") | Q22: =IFERROR(SUMIFS(Data!$F:$F,Data!$B:$B,"อโศก",Data!$A:$A,DATE(2026,5,15)),"—") | R22: =IFERROR(SUMIFS(Data!$F:$F,Data!$B:$B,"อโศก",Data!$A:$A,DATE(2026,5,16)),"—") | S22: =IFERROR(SUMIFS(Data!$F:$F,Data!$B:$B,"อโศก",Data!$A:$A,DATE(2026,5,17)),"—") | T22: =IFERROR(SUMIFS(Data!$F:$F,Data!$B:$B,"อโศก",Data!$A:$A,DATE(2026,5,18)),"—") | U22: =IFERROR(SUMIFS(Data!$F:$F,Data!$B:$B,"อโศก",Data!$A:$A,DATE(2026,5,19)),"—") | V22: =IFERROR(SUMIFS(Data!$F:$F,Data!$B:$B,"อโศก",Data!$A:$A,DATE(2026,5,20)),"—") | W22: =IFERROR(SUMIFS(Data!$F:$F,Data!$B:$B,"อโศก",Data!$A:$A,DATE(2026,5,21)),"—") | X22: =IFERROR(SUMIFS(Data!$F:$F,Data!$B:$B,"อโศก",Data!$A:$A,DATE(2026,5,22)),"—") | Y22: =IFERROR(SUMIFS(Data!$F:$F,Data!$B:$B,"อโศก",Data!$A:$A,DATE(2026,5,23)),"—") | Z22: =IFERROR(SUMIFS(Data!$F:$F,Data!$B:$B,"อโศก",Data!$A:$A,DATE(2026,5,24)),"—") | AA22: =IFERROR(SUMIFS(Data!$F:$F,Data!$B:$B,"อโศก",Data!$A:$A,DATE(2026,5,25)),"—") | AB22: =IFERROR(SUMIFS(Data!$F:$F,Data!$B:$B,"อโศก",Data!$A:$A,DATE(2026,5,26)),"—") | AC22: =IFERROR(SUMIFS(Data!$F:$F,Data!$B:$B,"อโศก",Data!$A:$A,DATE(2026,5,27)),"—") | AD22: =IFERROR(SUMIFS(Data!$F:$F,Data!$B:$B,"อโศก",Data!$A:$A,DATE(2026,5,28)),"—") | AE22: =IFERROR(SUMIFS(Data!$F:$F,Data!$B:$B,"อโศก",Data!$A:$A,DATE(2026,5,29)),"—") | AF22: =IFERROR(SUMIFS(Data!$F:$F,Data!$B:$B,"อโศก",Data!$A:$A,DATE(2026,5,30)),"—") | AG22: =IFERROR(SUMIFS(Data!$F:$F,Data!$B:$B,"อโศก",Data!$A:$A,DATE(2026,5,31)),"—") | AH22: =IFERROR(SUMIFS(Data!$F:$F,Data!$B:$B,"อโศก",Data!$A:$A,">="&DATE(2026,5,1),Data!$A:$A,"<="&DATE(2026,5,31)),0) | AK22: =IFERROR(SUMIFS(Data!$F:$F,Data!$B:$B,"อโศก",Data!$A:$A,">="&DATE(2026,5,1),Data!$A:$A,"<="&DATE(2026,5,15)),0) | AL22: =IFERROR(SUMIFS(Data!$F:$F,Data!$B:$B,"อโศก",Data!$A:$A,">="&DATE(2026,5,16),Data!$A:$A,"<="&DATE(2026,5,31)),0) | AM22: =AK22*0.9803738318 | AN22: =AL22*0.9803738318

Sheet พระราม 3
A1: สาขา พระราม 3 — ยอดขายรายเมนู พฤษภาคม 2569
A3: Item_Code | B3: ชื่อเมนู | C3: ศ 1/5 | D3: ส 2/5 | E3: อา 3/5 | F3: จ 4/5 | G3: อ 5/5 | H3: พ 6/5 | I3: พฤ 7/5 | J3: ศ 8/5 | K3: ส 9/5 | L3: อา 10/5 | M3: จ 11/5 | N3: อ 12/5 | O3: พ 13/5 | P3: พฤ 14/5 | Q3: ศ 15/5 | R3: ส 16/5 | S3: อา 17/5 | T3: จ 18/5 | U3: อ 19/5 | V3: พ 20/5 | W3: พฤ 21/5 | X3: ศ 22/5 | Y3: ส 23/5 | Z3: อา 24/5 | AA3: จ 25/5 | AB3: อ 26/5 | AC3: พ 27/5 | AD3: พฤ 28/5 | AE3: ศ 29/5 | AF3: ส 30/5 | AG3: อา 31/5 | AH3: รวม (จาน) | AI3: รวม (฿) | AJ3: % | AK3: ยอดขาย 1-15 | AL3: ยอดขาย 16-31 | AM3: ยอดรับ 1-15 | AN3: ยอดรับ 16-31
A4: ITEM0012 | B4: กลับบ้านเพิ่ม | C4: =IFERROR(SUMIFS(Data!$F:$F,Data!$B:$B,"พระราม 3",Data!$C:$C,"ITEM0012",Data!$A:$A,DATE(2026,5,1)),"") | D4: =IFERROR(SUMIFS(Data!$F:$F,Data!$B:$B,"พระราม 3",Data!$C:$C,"ITEM0012",Data!$A:$A,DATE(2026,5,2)),"") | E4: =IFERROR(SUMIFS(Data!$F:$F,Data!$B:$B,"พระราม 3",Data!$C:$C,"ITEM0012",Data!$A:$A,DATE(2026,5,3)),"") | F4: =IFERROR(SUMIFS(Data!$F:$F,Data!$B:$B,"พระราม 3",Data!$C:$C,"ITEM0012",Data!$A:$A,DATE(2026,5,4)),"") | G4: =IFERROR(SUMIFS(Data!$F:$F,Data!$B:$B,"พระราม 3",Data!$C:$C,"ITEM0012",Data!$A:$A,DATE(2026,5,5)),"") | H4: =IFERROR(SUMIFS(Data!$F:$F,Data!$B:$B,"พระราม 3",Data!$C:$C,"ITEM0012",Data!$A:$A,DATE(2026,5,6)),"") | I4: =IFERROR(SUMIFS(Data!$F:$F,Data!$B:$B,"พระราม 3",Data!$C:$C,"ITEM0012",Data!$A:$A,DATE(2026,5,7)),"") | J4: =IFERROR(SUMIFS(Data!$F:$F,Data!$B:$B,"พระราม 3",Data!$C:$C,"ITEM0012",Data!$A:$A,DATE(2026,5,8)),"") | K4: =IFERROR(SUMIFS(Data!$F:$F,Data!$B:$B,"พระราม 3",Data!$C:$C,"ITEM0012",Data!$A:$A,DATE(2026,5,9)),"") | L4: =IFERROR(SUMIFS(Data!$F:$F,Data!$B:$B,"พระราม 3",Data!$C:$C,"ITEM0012",Data!$A:$A,DATE(2026,5,10)),"") | M4: =IFERROR(SUMIFS(Data!$F:$F,Data!$B:$B,"พระราม 3",Data!$C:$C,"ITEM0012",Data!$A:$A,DATE(2026,5,11)),"") | N4: =IFERROR(SUMIFS(Data!$F:$F,Data!$B:$B,"พระราม 3",Data!$C:$C,"ITEM0012",Data!$A:$A,DATE(2026,5,12)),"") | O4: =IFERROR(SUMIFS(Data!$F:$F,Data!$B:$B,"พระราม 3",Data!$C:$C,"ITEM0012",Data!$A:$A,DATE(2026,5,13)),"") | P4: =IFERROR(SUMIFS(Data!$F:$F,Data!$B:$B,"พระราม 3",Data!$C:$C,"ITEM0012",Data!$A:$A,DATE(2026,5,14)),"") | Q4: =IFERROR(SUMIFS(Data!$F:$F,Data!$B:$B,"พระราม 3",Data!$C:$C,"ITEM0012",Data!$A:$A,DATE(2026,5,15)),"") | R4: =IFERROR(SUMIFS(Data!$F:$F,Data!$B:$B,"พระราม 3",Data!$C:$C,"ITEM0012",Data!$A:$A,DATE(2026,5,16)),"") | S4: =IFERROR(SUMIFS(Data!$F:$F,Data!$B:$B,"พระราม 3",Data!$C:$C,"ITEM0012",Data!$A:$A,DATE(2026,5,17)),"") | T4: =IFERROR(SUMIFS(Data!$F:$F,Data!$B:$B,"พระราม 3",Data!$C:$C,"ITEM0012",Data!$A:$A,DATE(2026,5,18)),"") | U4: =IFERROR(SUMIFS(Data!$F:$F,Data!$B:$B,"พระราม 3",Data!$C:$C,"ITEM0012",Data!$A:$A,DATE(2026,5,19)),"") | V4: =IFERROR(SUMIFS(Data!$F:$F,Data!$B:$B,"พระราม 3",Data!$C:$C,"ITEM0012",Data!$A:$A,DATE(2026,5,20)),"") | W4: =IFERROR(SUMIFS(Data!$F:$F,Data!$B:$B,"พระราม 3",Data!$C:$C,"ITEM0012",Data!$A:$A,DATE(2026,5,21)),"") | X4: =IFERROR(SUMIFS(Data!$F:$F,Data!$B:$B,"พระราม 3",Data!$C:$C,"ITEM0012",Data!$A:$A,DATE(2026,5,22)),"") | Y4: =IFERROR(SUMIFS(Data!$F:$F,Data!$B:$B,"พระราม 3",Data!$C:$C,"ITEM0012",Data!$A:$A,DATE(2026,5,23)),"") | Z4: =IFERROR(SUMIFS(Data!$F:$F,Data!$B:$B,"พระราม 3",Data!$C:$C,"ITEM0012",Data!$A:$A,DATE(2026,5,24)),"") | AA4: =IFERROR(SUMIFS(Data!$F:$F,Data!$B:$B,"พระราม 3",Data!$C:$C,"ITEM0012",Data!$A:$A,DATE(2026,5,25)),"") | AB4: =IFERROR(SUMIFS(Data!$F:$F,Data!$B:$B,"พระราม 3",Data!$C:$C,"ITEM0012",Data!$A:$A,DATE(2026,5,26)),"") | AC4: =IFERROR(SUMIFS(Data!$F:$F,Data!$B:$B,"พระราม 3",Data!$C:$C,"ITEM0012",Data!$A:$A,DATE(2026,5,27)),"") | AD4: =IFERROR(SUMIFS(Data!$F:$F,Data!$B:$B,"พระราม 3",Data!$C:$C,"ITEM0012",Data!$A:$A,DATE(2026,5,28)),"") | AE4: =IFERROR(SUMIFS(Data!$F:$F,Data!$B:$B,"พระราม 3",Data!$C:$C,"ITEM0012",Data!$A:$A,DATE(2026,5,29)),"") | AF4: =IFERROR(SUMIFS(Data!$F:$F,Data!$B:$B,"พระราม 3",Data!$C:$C,"ITEM0012",Data!$A:$A,DATE(2026,5,30)),"") | AG4: =IFERROR(SUMIFS(Data!$F:$F,Data!$B:$B,"พระราม 3",Data!$C:$C,"ITEM0012",Data!$A:$A,DATE(2026,5,31)),"") | AH4: =IFERROR(SUM(C4:AG4),0) | AI4: =AH4*5 | AJ4: =IFERROR(AI4/AI17,0)
A5: ITEM0544 | B5: พิเศษ | C5: =IFERROR(SUMIFS(Data!$F:$F,Data!$B:$B,"พระราม 3",Data!$C:$C,"ITEM0544",Data!$A:$A,DATE(2026,5,1)),"") | D5: =IFERROR(SUMIFS(Data!$F:$F,Data!$B:$B,"พระราม 3",Data!$C:$C,"ITEM0544",Data!$A:$A,DATE(2026,5,2)),"") | E5: =IFERROR(SUMIFS(Data!$F:$F,Data!$B:$B,"พระราม 3",Data!$C:$C,"ITEM0544",Data!$A:$A,DATE(2026,5,3)),"") | F5: =IFERROR(SUMIFS(Data!$F:$F,Data!$B:$B,"พระราม 3",Data!$C:$C,"ITEM0544",Data!$A:$A,DATE(2026,5,4)),"") | G5: =IFERROR(SUMIFS(Data!$F:$F,Data!$B:$B,"พระราม 3",Data!$C:$C,"ITEM0544",Data!$A:$A,DATE(2026,5,5)),"") | H5: =IFERROR(SUMIFS(Data!$F:$F,Data!$B:$B,"พระราม 3",Data!$C:$C,"ITEM0544",Data!$A:$A,DATE(2026,5,6)),"") | I5: =IFERROR(SUMIFS(Data!$F:$F,Data!$B:$B,"พระราม 3",Data!$C:$C,"ITEM0544",Data!$A:$A,DATE(2026,5,7)),"") | J5: =IFERROR(SUMIFS(Data!$F:$F,Data!$B:$B,"พระราม 3",Data!$C:$C,"ITEM0544",Data!$A:$A,DATE(2026,5,8)),"") | K5: =IFERROR(SUMIFS(Data!$F:$F,Data!$B:$B,"พระราม 3",Data!$C:$C,"ITEM0544",Data!$A:$A,DATE(2026,5,9)),"") | L5: =IFERROR(SUMIFS(Data!$F:$F,Data!$B:$B,"พระราม 3",Data!$C:$C,"ITEM0544",Data!$A:$A,DATE(2026,5,10)),"") | M5: =IFERROR(SUMIFS(Data!$F:$F,Data!$B:$B,"พระราม 3",Data!$C:$C,"ITEM0544",Data!$A:$A,DATE(2026,5,11)),"") | N5: =IFERROR(SUMIFS(Data!$F:$F,Data!$B:$B,"พระราม 3",Data!$C:$C,"ITEM0544",Data!$A:$A,DATE(2026,5,12)),"") | O5: =IFERROR(SUMIFS(Data!$F:$F,Data!$B:$B,"พระราม 3",Data!$C:$C,"ITEM0544",Data!$A:$A,DATE(2026,5,13)),"") | P5: =IFERROR(SUMIFS(Data!$F:$F,Data!$B:$B,"พระราม 3",Data!$C:$C,"ITEM0544",Data!$A:$A,DATE(2026,5,14)),"") | Q5: =IFERROR(SUMIFS(Data!$F:$F,Data!$B:$B,"พระราม 3",Data!$C:$C,"ITEM0544",Data!$A:$A,DATE(2026,5,15)),"") | R5: =IFERROR(SUMIFS(Data!$F:$F,Data!$B:$B,"พระราม 3",Data!$C:$C,"ITEM0544",Data!$A:$A,DATE(2026,5,16)),"") | S5: =IFERROR(SUMIFS(Data!$F:$F,Data!$B:$B,"พระราม 3",Data!$C:$C,"ITEM0544",Data!$A:$A,DATE(2026,5,17)),"") | T5: =IFERROR(SUMIFS(Data!$F:$F,Data!$B:$B,"พระราม 3",Data!$C:$C,"ITEM0544",Data!$A:$A,DATE(2026,5,18)),"") | U5: =IFERROR(SUMIFS(Data!$F:$F,Data!$B:$B,"พระราม 3",Data!$C:$C,"ITEM0544",Data!$A:$A,DATE(2026,5,19)),"") | V5: =IFERROR(SUMIFS(Data!$F:$F,Data!$B:$B,"พระราม 3",Data!$C:$C,"ITEM0544",Data!$A:$A,DATE(2026,5,20)),"") | W5: =IFERROR(SUMIFS(Data!$F:$F,Data!$B:$B,"พระราม 3",Data!$C:$C,"ITEM0544",Data!$A:$A,DATE(2026,5,21)),"") | X5: =IFERROR(SUMIFS(Data!$F:$F,Data!$B:$B,"พระราม 3",Data!$C:$C,"ITEM0544",Data!$A:$A,DATE(2026,5,22)),"") | Y5: =IFERROR(SUMIFS(Data!$F:$F,Data!$B:$B,"พระราม 3",Data!$C:$C,"ITEM0544",Data!$A:$A,DATE(2026,5,23)),"") | Z5: =IFERROR(SUMIFS(Data!$F:$F,Data!$B:$B,"พระราม 3",Data!$C:$C,"ITEM0544",Data!$A:$A,DATE(2026,5,24)),"") | AA5: =IFERROR(SUMIFS(Data!$F:$F,Data!$B:$B,"พระราม 3",Data!$C:$C,"ITEM0544",Data!$A:$A,DATE(2026,5,25)),"") | AB5: =IFERROR(SUMIFS(Data!$F:$F,Data!$B:$B,"พระราม 3",Data!$C:$C,"ITEM0544",Data!$A:$A,DATE(2026,5,26)),"") | AC5: =IFERROR(SUMIFS(Data!$F:$F,Data!$B:$B,"พระราม 3",Data!$C:$C,"ITEM0544",Data!$A:$A,DATE(2026,5,27)),"") | AD5: =IFERROR(SUMIFS(Data!$F:$F,Data!$B:$B,"พระราม 3",Data!$C:$C,"ITEM0544",Data!$A:$A,DATE(2026,5,28)),"") | AE5: =IFERROR(SUMIFS(Data!$F:$F,Data!$B:$B,"พระราม 3",Data!$C:$C,"ITEM0544",Data!$A:$A,DATE(2026,5,29)),"") | AF5: =IFERROR(SUMIFS(Data!$F:$F,Data!$B:$B,"พระราม 3",Data!$C:$C,"ITEM0544",Data!$A:$A,DATE(2026,5,30)),"") | AG5: =IFERROR(SUMIFS(Data!$F:$F,Data!$B:$B,"พระราม 3",Data!$C:$C,"ITEM0544",Data!$A:$A,DATE(2026,5,31)),"") | AH5: =IFERROR(SUM(C5:AG5),0) | AI5: =AH5*10 | AJ5: =IFERROR(AI5/AI17,0)
A6: ITEM0657 | B6: ข้าวมันไก่ต้ม | C6: =IFERROR(SUMIFS(Data!$F:$F,Data!$B:$B,"พระราม 3",Data!$C:$C,"ITEM0657",Data!$A:$A,DATE(2026,5,1)),"") | D6: =IFERROR(SUMIFS(Data!$F:$F,Data!$B:$B,"พระราม 3",Data!$C:$C,"ITEM0657",Data!$A:$A,DATE(2026,5,2)),"") | E6: =IFERROR(SUMIFS(Data!$F:$F,Data!$B:$B,"พระราม 3",Data!$C:$C,"ITEM0657",Data!$A:$A,DATE(2026,5,3)),"") | F6: =IFERROR(SUMIFS(Data!$F:$F,Data!$B:$B,"พระราม 3",Data!$C:$C,"ITEM0657",Data!$A:$A,DATE(2026,5,4)),"") | G6: =IFERROR(SUMIFS(Data!$F:$F,Data!$B:$B,"พระราม 3",Data!$C:$C,"ITEM0657",Data!$A:$A,DATE(2026,5,5)),"") | H6: =IFERROR(SUMIFS(Data!$F:$F,Data!$B:$B,"พระราม 3",Data!$C:$C,"ITEM0657",Data!$A:$A,DATE(2026,5,6)),"") | I6: =IFERROR(SUMIFS(Data!$F:$F,Data!$B:$B,"พระราม 3",Data!$C:$C,"ITEM0657",Data!$A:$A,DATE(2026,5,7)),"") | J6: =IFERROR(SUMIFS(Data!$F:$F,Data!$B:$B,"พระราม 3",Data!$C:$C,"ITEM0657",Data!$A:$A,DATE(2026,5,8)),"") | K6: =IFERROR(SUMIFS(Data!$F:$F,Data!$B:$B,"พระราม 3",Data!$C:$C,"ITEM0657",Data!$A:$A,DATE(2026,5,9)),"") | L6: =IFERROR(SUMIFS(Data!$F:$F,Data!$B:$B,"พระราม 3",Data!$C:$C,"ITEM0657",Data!$A:$A,DATE(2026,5,10)),"") | M6: =IFERROR(SUMIFS(Data!$F:$F,Data!$B:$B,"พระราม 3",Data!$C:$C,"ITEM0657",Data!$A:$A,DATE(2026,5,11)),"") | N6: =IFERROR(SUMIFS(Data!$F:$F,Data!$B:$B,"พระราม 3",Data!$C:$C,"ITEM0657",Data!$A:$A,DATE(2026,5,12)),"") | O6: =IFERROR(SUMIFS(Data!$F:$F,Data!$B:$B,"พระราม 3",Data!$C:$C,"ITEM0657",Data!$A:$A,DATE(2026,5,13)),"") | P6: =IFERROR(SUMIFS(Data!$F:$F,Data!$B:$B,"พระราม 3",Data!$C:$C,"ITEM0657",Data!$A:$A,DATE(2026,5,14)),"") | Q6: =IFERROR(SUMIFS(Data!$F:$F,Data!$B:$B,"พระราม 3",Data!$C:$C,"ITEM0657",Data!$A:$A,DATE(2026,5,15)),"") | R6: =IFERROR(SUMIFS(Data!$F:$F,Data!$B:$B,"พระราม 3",Data!$C:$C,"ITEM0657",Data!$A:$A,DATE(2026,5,16)),"") | S6: =IFERROR(SUMIFS(Data!$F:$F,Data!$B:$B,"พระราม 3",Data!$C:$C,"ITEM0657",Data!$A:$A,DATE(2026,5,17)),"") | T6: =IFERROR(SUMIFS(Data!$F:$F,Data!$B:$B,"พระราม 3",Data!$C:$C,"ITEM0657",Data!$A:$A,DATE(2026,5,18)),"") | U6: =IFERROR(SUMIFS(Data!$F:$F,Data!$B:$B,"พระราม 3",Data!$C:$C,"ITEM0657",Data!$A:$A,DATE(2026,5,19)),"") | V6: =IFERROR(SUMIFS(Data!$F:$F,Data!$B:$B,"พระราม 3",Data!$C:$C,"ITEM0657",Data!$A:$A,DATE(2026,5,20)),"") | W6: =IFERROR(SUMIFS(Data!$F:$F,Data!$B:$B,"พระราม 3",Data!$C:$C,"ITEM0657",Data!$A:$A,DATE(2026,5,21)),"") | X6: =IFERROR(SUMIFS(Data!$F:$F,Data!$B:$B,"พระราม 3",Data!$C:$C,"ITEM0657",Data!$A:$A,DATE(2026,5,22)),"") | Y6: =IFERROR(SUMIFS(Data!$F:$F,Data!$B:$B,"พระราม 3",Data!$C:$C,"ITEM0657",Data!$A:$A,DATE(2026,5,23)),"") | Z6: =IFERROR(SUMIFS(Data!$F:$F,Data!$B:$B,"พระราม 3",Data!$C:$C,"ITEM0657",Data!$A:$A,DATE(2026,5,24)),"") | AA6: =IFERROR(SUMIFS(Data!$F:$F,Data!$B:$B,"พระราม 3",Data!$C:$C,"ITEM0657",Data!$A:$A,DATE(2026,5,25)),"") | AB6: =IFERROR(SUMIFS(Data!$F:$F,Data!$B:$B,"พระราม 3",Data!$C:$C,"ITEM0657",Data!$A:$A,DATE(2026,5,26)),"") | AC6: =IFERROR(SUMIFS(Data!$F:$F,Data!$B:$B,"พระราม 3",Data!$C:$C,"ITEM0657",Data!$A:$A,DATE(2026,5,27)),"") | AD6: =IFERROR(SUMIFS(Data!$F:$F,Data!$B:$B,"พระราม 3",Data!$C:$C,"ITEM0657",Data!$A:$A,DATE(2026,5,28)),"") | AE6: =IFERROR(SUMIFS(Data!$F:$F,Data!$B:$B,"พระราม 3",Data!$C:$C,"ITEM0657",Data!$A:$A,DATE(2026,5,29)),"") | AF6: =IFERROR(SUMIFS(Data!$F:$F,Data!$B:$B,"พระราม 3",Data!$C:$C,"ITEM0657",Data!$A:$A,DATE(2026,5,30)),"") | AG6: =IFERROR(SUMIFS(Data!$F:$F,Data!$B:$B,"พระราม 3",Data!$C:$C,"ITEM0657",Data!$A:$A,DATE(2026,5,31)),"") | AH6: =IFERROR(SUM(C6:AG6),0) | AI6: =AH6*35 | AJ6: =IFERROR(AI6/AI17,0)
A7: ITEM0658 | B7: ข้าวมันไก่ทอด | C7: =IFERROR(SUMIFS(Data!$F:$F,Data!$B:$B,"พระราม 3",Data!$C:$C,"ITEM0658",Data!$A:$A,DATE(2026,5,1)),"") | D7: =IFERROR(SUMIFS(Data!$F:$F,Data!$B:$B,"พระราม 3",Data!$C:$C,"ITEM0658",Data!$A:$A,DATE(2026,5,2)),"") | E7: =IFERROR(SUMIFS(Data!$F:$F,Data!$B:$B,"พระราม 3",Data!$C:$C,"ITEM0658",Data!$A:$A,DATE(2026,5,3)),"") | F7: =IFERROR(SUMIFS(Data!$F:$F,Data!$B:$B,"พระราม 3",Data!$C:$C,"ITEM0658",Data!$A:$A,DATE(2026,5,4)),"") | G7: =IFERROR(SUMIFS(Data!$F:$F,Data!$B:$B,"พระราม 3",Data!$C:$C,"ITEM0658",Data!$A:$A,DATE(2026,5,5)),"") | H7: =IFERROR(SUMIFS(Data!$F:$F,Data!$B:$B,"พระราม 3",Data!$C:$C,"ITEM0658",Data!$A:$A,DATE(2026,5,6)),"") | I7: =IFERROR(SUMIFS(Data!$F:$F,Data!$B:$B,"พระราม 3",Data!$C:$C,"ITEM0658",Data!$A:$A,DATE(2026,5,7)),"") | J7: =IFERROR(SUMIFS(Data!$F:$F,Data!$B:$B,"พระราม 3",Data!$C:$C,"ITEM0658",Data!$A:$A,DATE(2026,5,8)),"") | K7: =IFERROR(SUMIFS(Data!$F:$F,Data!$B:$B,"พระราม 3",Data!$C:$C,"ITEM0658",Data!$A:$A,DATE(2026,5,9)),"") | L7: =IFERROR(SUMIFS(Data!$F:$F,Data!$B:$B,"พระราม 3",Data!$C:$C,"ITEM0658",Data!$A:$A,DATE(2026,5,10)),"") | M7: =IFERROR(SUMIFS(Data!$F:$F,Data!$B:$B,"พระราม 3",Data!$C:$C,"ITEM0658",Data!$A:$A,DATE(2026,5,11)),"") | N7: =IFERROR(SUMIFS(Data!$F:$F,Data!$B:$B,"พระราม 3",Data!$C:$C,"ITEM0658",Data!$A:$A,DATE(2026,5,12)),"") | O7: =IFERROR(SUMIFS(Data!$F:$F,Data!$B:$B,"พระราม 3",Data!$C:$C,"ITEM0658",Data!$A:$A,DATE(2026,5,13)),"") | P7: =IFERROR(SUMIFS(Data!$F:$F,Data!$B:$B,"พระราม 3",Data!$C:$C,"ITEM0658",Data!$A:$A,DATE(2026,5,14)),"") | Q7: =IFERROR(SUMIFS(Data!$F:$F,Data!$B:$B,"พระราม 3",Data!$C:$C,"ITEM0658",Data!$A:$A,DATE(2026,5,15)),"") | R7: =IFERROR(SUMIFS(Data!$F:$F,Data!$B:$B,"พระราม 3",Data!$C:$C,"ITEM0658",Data!$A:$A,DATE(2026,5,16)),"") | S7: =IFERROR(SUMIFS(Data!$F:$F,Data!$B:$B,"พระราม 3",Data!$C:$C,"ITEM0658",Data!$A:$A,DATE(2026,5,17)),"") | T7: =IFERROR(SUMIFS(Data!$F:$F,Data!$B:$B,"พระราม 3",Data!$C:$C,"ITEM0658",Data!$A:$A,DATE(2026,5,18)),"") | U7: =IFERROR(SUMIFS(Data!$F:$F,Data!$B:$B,"พระราม 3",Data!$C:$C,"ITEM0658",Data!$A:$A,DATE(2026,5,19)),"") | V7: =IFERROR(SUMIFS(Data!$F:$F,Data!$B:$B,"พระราม 3",Data!$C:$C,"ITEM0658",Data!$A:$A,DATE(2026,5,20)),"") | W7: =IFERROR(SUMIFS(Data!$F:$F,Data!$B:$B,"พระราม 3",Data!$C:$C,"ITEM0658",Data!$A:$A,DATE(2026,5,21)),"") | X7: =IFERROR(SUMIFS(Data!$F:$F,Data!$B:$B,"พระราม 3",Data!$C:$C,"ITEM0658",Data!$A:$A,DATE(2026,5,22)),"") | Y7: =IFERROR(SUMIFS(Data!$F:$F,Data!$B:$B,"พระราม 3",Data!$C:$C,"ITEM0658",Data!$A:$A,DATE(2026,5,23)),"") | Z7: =IFERROR(SUMIFS(Data!$F:$F,Data!$B:$B,"พระราม 3",Data!$C:$C,"ITEM0658",Data!$A:$A,DATE(2026,5,24)),"") | AA7: =IFERROR(SUMIFS(Data!$F:$F,Data!$B:$B,"พระราม 3",Data!$C:$C,"ITEM0658",Data!$A:$A,DATE(2026,5,25)),"") | AB7: =IFERROR(SUMIFS(Data!$F:$F,Data!$B:$B,"พระราม 3",Data!$C:$C,"ITEM0658",Data!$A:$A,DATE(2026,5,26)),"") | AC7: =IFERROR(SUMIFS(Data!$F:$F,Data!$B:$B,"พระราม 3",Data!$C:$C,"ITEM0658",Data!$A:$A,DATE(2026,5,27)),"") | AD7: =IFERROR(SUMIFS(Data!$F:$F,Data!$B:$B,"พระราม 3",Data!$C:$C,"ITEM0658",Data!$A:$A,DATE(2026,5,28)),"") | AE7: =IFERROR(SUMIFS(Data!$F:$F,Data!$B:$B,"พระราม 3",Data!$C:$C,"ITEM0658",Data!$A:$A,DATE(2026,5,29)),"") | AF7: =IFERROR(SUMIFS(Data!$F:$F,Data!$B:$B,"พระราม 3",Data!$C:$C,"ITEM0658",Data!$A:$A,DATE(2026,5,30)),"") | AG7: =IFERROR(SUMIFS(Data!$F:$F,Data!$B:$B,"พระราม 3",Data!$C:$C,"ITEM0658",Data!$A:$A,DATE(2026,5,31)),"") | AH7: =IFERROR(SUM(C7:AG7),0) | AI7: =AH7*35 | AJ7: =IFERROR(AI7/AI17,0)
A8: ITEM0659 | B8: ข้าวยำไก่แซ่บ | C8: =IFERROR(SUMIFS(Data!$F:$F,Data!$B:$B,"พระราม 3",Data!$C:$C,"ITEM0659",Data!$A:$A,DATE(2026,5,1)),"") | D8: =IFERROR(SUMIFS(Data!$F:$F,Data!$B:$B,"พระราม 3",Data!$C:$C,"ITEM0659",Data!$A:$A,DATE(2026,5,2)),"") | E8: =IFERROR(SUMIFS(Data!$F:$F,Data!$B:$B,"พระราม 3",Data!$C:$C,"ITEM0659",Data!$A:$A,DATE(2026,5,3)),"") | F8: =IFERROR(SUMIFS(Data!$F:$F,Data!$B:$B,"พระราม 3",Data!$C:$C,"ITEM0659",Data!$A:$A,DATE(2026,5,4)),"") | G8: =IFERROR(SUMIFS(Data!$F:$F,Data!$B:$B,"พระราม 3",Data!$C:$C,"ITEM0659",Data!$A:$A,DATE(2026,5,5)),"") | H8: =IFERROR(SUMIFS(Data!$F:$F,Data!$B:$B,"พระราม 3",Data!$C:$C,"ITEM0659",Data!$A:$A,DATE(2026,5,6)),"") | I8: =IFERROR(SUMIFS(Data!$F:$F,Data!$B:$B,"พระราม 3",Data!$C:$C,"ITEM0659",Data!$A:$A,DATE(2026,5,7)),"") | J8: =IFERROR(SUMIFS(Data!$F:$F,Data!$B:$B,"พระราม 3",Data!$C:$C,"ITEM0659",Data!$A:$A,DATE(2026,5,8)),"") | K8: =IFERROR(SUMIFS(Data!$F:$F,Data!$B:$B,"พระราม 3",Data!$C:$C,"ITEM0659",Data!$A:$A,DATE(2026,5,9)),"") | L8: =IFERROR(SUMIFS(Data!$F:$F,Data!$B:$B,"พระราม 3",Data!$C:$C,"ITEM0659",Data!$A:$A,DATE(2026,5,10)),"") | M8: =IFERROR(SUMIFS(Data!$F:$F,Data!$B:$B,"พระราม 3",Data!$C:$C,"ITEM0659",Data!$A:$A,DATE(2026,5,11)),"") | N8: =IFERROR(SUMIFS(Data!$F:$F,Data!$B:$B,"พระราม 3",Data!$C:$C,"ITEM0659",Data!$A:$A,DATE(2026,5,12)),"") | O8: =IFERROR(SUMIFS(Data!$F:$F,Data!$B:$B,"พระราม 3",Data!$C:$C,"ITEM0659",Data!$A:$A,DATE(2026,5,13)),"") | P8: =IFERROR(SUMIFS(Data!$F:$F,Data!$B:$B,"พระราม 3",Data!$C:$C,"ITEM0659",Data!$A:$A,DATE(2026,5,14)),"") | Q8: =IFERROR(SUMIFS(Data!$F:$F,Data!$B:$B,"พระราม 3",Data!$C:$C,"ITEM0659",Data!$A:$A,DATE(2026,5,15)),"") | R8: =IFERROR(SUMIFS(Data!$F:$F,Data!$B:$B,"พระราม 3",Data!$C:$C,"ITEM0659",Data!$A:$A,DATE(2026,5,16)),"") | S8: =IFERROR(SUMIFS(Data!$F:$F,Data!$B:$B,"พระราม 3",Data!$C:$C,"ITEM0659",Data!$A:$A,DATE(2026,5,17)),"") | T8: =IFERROR(SUMIFS(Data!$F:$F,Data!$B:$B,"พระราม 3",Data!$C:$C,"ITEM0659",Data!$A:$A,DATE(2026,5,18)),"") | U8: =IFERROR(SUMIFS(Data!$F:$F,Data!$B:$B,"พระราม 3",Data!$C:$C,"ITEM0659",Data!$A:$A,DATE(2026,5,19)),"") | V8: =IFERROR(SUMIFS(Data!$F:$F,Data!$B:$B,"พระราม 3",Data!$C:$C,"ITEM0659",Data!$A:$A,DATE(2026,5,20)),"") | W8: =IFERROR(SUMIFS(Data!$F:$F,Data!$B:$B,"พระราม 3",Data!$C:$C,"ITEM0659",Data!$A:$A,DATE(2026,5,21)),"") | X8: =IFERROR(SUMIFS(Data!$F:$F,Data!$B:$B,"พระราม 3",Data!$C:$C,"ITEM0659",Data!$A:$A,DATE(2026,5,22)),"") | Y8: =IFERROR(SUMIFS(Data!$F:$F,Data!$B:$B,"พระราม 3",Data!$C:$C,"ITEM0659",Data!$A:$A,DATE(2026,5,23)),"") | Z8: =IFERROR(SUMIFS(Data!$F:$F,Data!$B:$B,"พระราม 3",Data!$C:$C,"ITEM0659",Data!$A:$A,DATE(2026,5,24)),"") | AA8: =IFERROR(SUMIFS(Data!$F:$F,Data!$B:$B,"พระราม 3",Data!$C:$C,"ITEM0659",Data!$A:$A,DATE(2026,5,25)),"") | AB8: =IFERROR(SUMIFS(Data!$F:$F,Data!$B:$B,"พระราม 3",Data!$C:$C,"ITEM0659",Data!$A:$A,DATE(2026,5,26)),"") | AC8: =IFERROR(SUMIFS(Data!$F:$F,Data!$B:$B,"พระราม 3",Data!$C:$C,"ITEM0659",Data!$A:$A,DATE(2026,5,27)),"") | AD8: =IFERROR(SUMIFS(Data!$F:$F,Data!$B:$B,"พระราม 3",Data!$C:$C,"ITEM0659",Data!$A:$A,DATE(2026,5,28)),"") | AE8: =IFERROR(SUMIFS(Data!$F:$F,Data!$B:$B,"พระราม 3",Data!$C:$C,"ITEM0659",Data!$A:$A,DATE(2026,5,29)),"") | AF8: =IFERROR(SUMIFS(Data!$F:$F,Data!$B:$B,"พระราม 3",Data!$C:$C,"ITEM0659",Data!$A:$A,DATE(2026,5,30)),"") | AG8: =IFERROR(SUMIFS(Data!$F:$F,Data!$B:$B,"พระราม 3",Data!$C:$C,"ITEM0659",Data!$A:$A,DATE(2026,5,31)),"") | AH8: =IFERROR(SUM(C8:AG8),0) | AI8: =AH8*38 | AJ8: =IFERROR(AI8/AI17,0)
A9: ITEM0660 | B9: ข้าวมันไก่ผสม | C9: =IFERROR(SUMIFS(Data!$F:$F,Data!$B:$B,"พระราม 3",Data!$C:$C,"ITEM0660",Data!$A:$A,DATE(2026,5,1)),"") | D9: =IFERROR(SUMIFS(Data!$F:$F,Data!$B:$B,"พระราม 3",Data!$C:$C,"ITEM0660",Data!$A:$A,DATE(2026,5,2)),"") | E9: =IFERROR(SUMIFS(Data!$F:$F,Data!$B:$B,"พระราม 3",Data!$C:$C,"ITEM0660",Data!$A:$A,DATE(2026,5,3)),"") | F9: =IFERROR(SUMIFS(Data!$F:$F,Data!$B:$B,"พระราม 3",Data!$C:$C,"ITEM0660",Data!$A:$A,DATE(2026,5,4)),"") | G9: =IFERROR(SUMIFS(Data!$F:$F,Data!$B:$B,"พระราม 3",Data!$C:$C,"ITEM0660",Data!$A:$A,DATE(2026,5,5)),"") | H9: =IFERROR(SUMIFS(Data!$F:$F,Data!$B:$B,"พระราม 3",Data!$C:$C,"ITEM0660",Data!$A:$A,DATE(2026,5,6)),"") | I9: =IFERROR(SUMIFS(Data!$F:$F,Data!$B:$B,"พระราม 3",Data!$C:$C,"ITEM0660",Data!$A:$A,DATE(2026,5,7)),"") | J9: =IFERROR(SUMIFS(Data!$F:$F,Data!$B:$B,"พระราม 3",Data!$C:$C,"ITEM0660",Data!$A:$A,DATE(2026,5,8)),"") | K9: =IFERROR(SUMIFS(Data!$F:$F,Data!$B:$B,"พระราม 3",Data!$C:$C,"ITEM0660",Data!$A:$A,DATE(2026,5,9)),"") | L9: =IFERROR(SUMIFS(Data!$F:$F,Data!$B:$B,"พระราม 3",Data!$C:$C,"ITEM0660",Data!$A:$A,DATE(2026,5,10)),"") | M9: =IFERROR(SUMIFS(Data!$F:$F,Data!$B:$B,"พระราม 3",Data!$C:$C,"ITEM0660",Data!$A:$A,DATE(2026,5,11)),"") | N9: =IFERROR(SUMIFS(Data!$F:$F,Data!$B:$B,"พระราม 3",Data!$C:$C,"ITEM0660",Data!$A:$A,DATE(2026,5,12)),"") | O9: =IFERROR(SUMIFS(Data!$F:$F,Data!$B:$B,"พระราม 3",Data!$C:$C,"ITEM0660",Data!$A:$A,DATE(2026,5,13)),"") | P9: =IFERROR(SUMIFS(Data!$F:$F,Data!$B:$B,"พระราม 3",Data!$C:$C,"ITEM0660",Data!$A:$A,DATE(2026,5,14)),"") | Q9: =IFERROR(SUMIFS(Data!$F:$F,Data!$B:$B,"พระราม 3",Data!$C:$C,"ITEM0660",Data!$A:$A,DATE(2026,5,15)),"") | R9: =IFERROR(SUMIFS(Data!$F:$F,Data!$B:$B,"พระราม 3",Data!$C:$C,"ITEM0660",Data!$A:$A,DATE(2026,5,16)),"") | S9: =IFERROR(SUMIFS(Data!$F:$F,Data!$B:$B,"พระราม 3",Data!$C:$C,"ITEM0660",Data!$A:$A,DATE(2026,5,17)),"") | T9: =IFERROR(SUMIFS(Data!$F:$F,Data!$B:$B,"พระราม 3",Data!$C:$C,"ITEM0660",Data!$A:$A,DATE(2026,5,18)),"") | U9: =IFERROR(SUMIFS(Data!$F:$F,Data!$B:$B,"พระราม 3",Data!$C:$C,"ITEM0660",Data!$A:$A,DATE(2026,5,19)),"") | V9: =IFERROR(SUMIFS(Data!$F:$F,Data!$B:$B,"พระราม 3",Data!$C:$C,"ITEM0660",Data!$A:$A,DATE(2026,5,20)),"") | W9: =IFERROR(SUMIFS(Data!$F:$F,Data!$B:$B,"พระราม 3",Data!$C:$C,"ITEM0660",Data!$A:$A,DATE(2026,5,21)),"") | X9: =IFERROR(SUMIFS(Data!$F:$F,Data!$B:$B,"พระราม 3",Data!$C:$C,"ITEM0660",Data!$A:$A,DATE(2026,5,22)),"") | Y9: =IFERROR(SUMIFS(Data!$F:$F,Data!$B:$B,"พระราม 3",Data!$C:$C,"ITEM0660",Data!$A:$A,DATE(2026,5,23)),"") | Z9: =IFERROR(SUMIFS(Data!$F:$F,Data!$B:$B,"พระราม 3",Data!$C:$C,"ITEM0660",Data!$A:$A,DATE(2026,5,24)),"") | AA9: =IFERROR(SUMIFS(Data!$F:$F,Data!$B:$B,"พระราม 3",Data!$C:$C,"ITEM0660",Data!$A:$A,DATE(2026,5,25)),"") | AB9: =IFERROR(SUMIFS(Data!$F:$F,Data!$B:$B,"พระราม 3",Data!$C:$C,"ITEM0660",Data!$A:$A,DATE(2026,5,26)),"") | AC9: =IFERROR(SUMIFS(Data!$F:$F,Data!$B:$B,"พระราม 3",Data!$C:$C,"ITEM0660",Data!$A:$A,DATE(2026,5,27)),"") | AD9: =IFERROR(SUMIFS(Data!$F:$F,Data!$B:$B,"พระราม 3",Data!$C:$C,"ITEM0660",Data!$A:$A,DATE(2026,5,28)),"") | AE9: =IFERROR(SUMIFS(Data!$F:$F,Data!$B:$B,"พระราม 3",Data!$C:$C,"ITEM0660",Data!$A:$A,DATE(2026,5,29)),"") | AF9: =IFERROR(SUMIFS(Data!$F:$F,Data!$B:$B,"พระราม 3",Data!$C:$C,"ITEM0660",Data!$A:$A,DATE(2026,5,30)),"") | AG9: =IFERROR(SUMIFS(Data!$F:$F,Data!$B:$B,"พระราม 3",Data!$C:$C,"ITEM0660",Data!$A:$A,DATE(2026,5,31)),"") | AH9: =IFERROR(SUM(C9:AG9),0) | AI9: =AH9*40 | AJ9: =IFERROR(AI9/AI17,0)
A10: ITEM0661 | B10: ข้าวมันไก่สิงคโปร์ | C10: =IFERROR(SUMIFS(Data!$F:$F,Data!$B:$B,"พระราม 3",Data!$C:$C,"ITEM0661",Data!$A:$A,DATE(2026,5,1)),"") | D10: =IFERROR(SUMIFS(Data!$F:$F,Data!$B:$B,"พระราม 3",Data!$C:$C,"ITEM0661",Data!$A:$A,DATE(2026,5,2)),"") | E10: =IFERROR(SUMIFS(Data!$F:$F,Data!$B:$B,"พระราม 3",Data!$C:$C,"ITEM0661",Data!$A:$A,DATE(2026,5,3)),"") | F10: =IFERROR(SUMIFS(Data!$F:$F,Data!$B:$B,"พระราม 3",Data!$C:$C,"ITEM0661",Data!$A:$A,DATE(2026,5,4)),"") | G10: =IFERROR(SUMIFS(Data!$F:$F,Data!$B:$B,"พระราม 3",Data!$C:$C,"ITEM0661",Data!$A:$A,DATE(2026,5,5)),"") | H10: =IFERROR(SUMIFS(Data!$F:$F,Data!$B:$B,"พระราม 3",Data!$C:$C,"ITEM0661",Data!$A:$A,DATE(2026,5,6)),"") | I10: =IFERROR(SUMIFS(Data!$F:$F,Data!$B:$B,"พระราม 3",Data!$C:$C,"ITEM0661",Data!$A:$A,DATE(2026,5,7)),"") | J10: =IFERROR(SUMIFS(Data!$F:$F,Data!$B:$B,"พระราม 3",Data!$C:$C,"ITEM0661",Data!$A:$A,DATE(2026,5,8)),"") | K10: =IFERROR(SUMIFS(Data!$F:$F,Data!$B:$B,"พระราม 3",Data!$C:$C,"ITEM0661",Data!$A:$A,DATE(2026,5,9)),"") | L10: =IFERROR(SUMIFS(Data!$F:$F,Data!$B:$B,"พระราม 3",Data!$C:$C,"ITEM0661",Data!$A:$A,DATE(2026,5,10)),"") | M10: =IFERROR(SUMIFS(Data!$F:$F,Data!$B:$B,"พระราม 3",Data!$C:$C,"ITEM0661",Data!$A:$A,DATE(2026,5,11)),"") | N10: =IFERROR(SUMIFS(Data!$F:$F,Data!$B:$B,"พระราม 3",Data!$C:$C,"ITEM0661",Data!$A:$A,DATE(2026,5,12)),"") | O10: =IFERROR(SUMIFS(Data!$F:$F,Data!$B:$B,"พระราม 3",Data!$C:$C,"ITEM0661",Data!$A:$A,DATE(2026,5,13)),"") | P10: =IFERROR(SUMIFS(Data!$F:$F,Data!$B:$B,"พระราม 3",Data!$C:$C,"ITEM0661",Data!$A:$A,DATE(2026,5,14)),"") | Q10: =IFERROR(SUMIFS(Data!$F:$F,Data!$B:$B,"พระราม 3",Data!$C:$C,"ITEM0661",Data!$A:$A,DATE(2026,5,15)),"") | R10: =IFERROR(SUMIFS(Data!$F:$F,Data!$B:$B,"พระราม 3",Data!$C:$C,"ITEM0661",Data!$A:$A,DATE(2026,5,16)),"") | S10: =IFERROR(SUMIFS(Data!$F:$F,Data!$B:$B,"พระราม 3",Data!$C:$C,"ITEM0661",Data!$A:$A,DATE(2026,5,17)),"") | T10: =IFERROR(SUMIFS(Data!$F:$F,Data!$B:$B,"พระราม 3",Data!$C:$C,"ITEM0661",Data!$A:$A,DATE(2026,5,18)),"") | U10: =IFERROR(SUMIFS(Data!$F:$F,Data!$B:$B,"พระราม 3",Data!$C:$C,"ITEM0661",Data!$A:$A,DATE(2026,5,19)),"") | V10: =IFERROR(SUMIFS(Data!$F:$F,Data!$B:$B,"พระราม 3",Data!$C:$C,"ITEM0661",Data!$A:$A,DATE(2026,5,20)),"") | W10: =IFERROR(SUMIFS(Data!$F:$F,Data!$B:$B,"พระราม 3",Data!$C:$C,"ITEM0661",Data!$A:$A,DATE(2026,5,21)),"") | X10: =IFERROR(SUMIFS(Data!$F:$F,Data!$B:$B,"พระราม 3",Data!$C:$C,"ITEM0661",Data!$A:$A,DATE(2026,5,22)),"") | Y10: =IFERROR(SUMIFS(Data!$F:$F,Data!$B:$B,"พระราม 3",Data!$C:$C,"ITEM0661",Data!$A:$A,DATE(2026,5,23)),"") | Z10: =IFERROR(SUMIFS(Data!$F:$F,Data!$B:$B,"พระราม 3",Data!$C:$C,"ITEM0661",Data!$A:$A,DATE(2026,5,24)),"") | AA10: =IFERROR(SUMIFS(Data!$F:$F,Data!$B:$B,"พระราม 3",Data!$C:$C,"ITEM0661",Data!$A:$A,DATE(2026,5,25)),"") | AB10: =IFERROR(SUMIFS(Data!$F:$F,Data!$B:$B,"พระราม 3",Data!$C:$C,"ITEM0661",Data!$A:$A,DATE(2026,5,26)),"") | AC10: =IFERROR(SUMIFS(Data!$F:$F,Data!$B:$B,"พระราม 3",Data!$C:$C,"ITEM0661",Data!$A:$A,DATE(2026,5,27)),"") | AD10: =IFERROR(SUMIFS(Data!$F:$F,Data!$B:$B,"พระราม 3",Data!$C:$C,"ITEM0661",Data!$A:$A,DATE(2026,5,28)),"") | AE10: =IFERROR(SUMIFS(Data!$F:$F,Data!$B:$B,"พระราม 3",Data!$C:$C,"ITEM0661",Data!$A:$A,DATE(2026,5,29)),"") | AF10: =IFERROR(SUMIFS(Data!$F:$F,Data!$B:$B,"พระราม 3",Data!$C:$C,"ITEM0661",Data!$A:$A,DATE(2026,5,30)),"") | AG10: =IFERROR(SUMIFS(Data!$F:$F,Data!$B:$B,"พระราม 3",Data!$C:$C,"ITEM0661",Data!$A:$A,DATE(2026,5,31)),"") | AH10: =IFERROR(SUM(C10:AG10),0) | AI10: =AH10*57 | AJ10: =IFERROR(AI10/AI17,0)
A11: ITEM0662 | B11: ชุดเซตข้าวมันไก่ต้ม | C11: =IFERROR(SUMIFS(Data!$F:$F,Data!$B:$B,"พระราม 3",Data!$C:$C,"ITEM0662",Data!$A:$A,DATE(2026,5,1)),"") | D11: =IFERROR(SUMIFS(Data!$F:$F,Data!$B:$B,"พระราม 3",Data!$C:$C,"ITEM0662",Data!$A:$A,DATE(2026,5,2)),"") | E11: =IFERROR(SUMIFS(Data!$F:$F,Data!$B:$B,"พระราม 3",Data!$C:$C,"ITEM0662",Data!$A:$A,DATE(2026,5,3)),"") | F11: =IFERROR(SUMIFS(Data!$F:$F,Data!$B:$B,"พระราม 3",Data!$C:$C,"ITEM0662",Data!$A:$A,DATE(2026,5,4)),"") | G11: =IFERROR(SUMIFS(Data!$F:$F,Data!$B:$B,"พระราม 3",Data!$C:$C,"ITEM0662",Data!$A:$A,DATE(2026,5,5)),"") | H11: =IFERROR(SUMIFS(Data!$F:$F,Data!$B:$B,"พระราม 3",Data!$C:$C,"ITEM0662",Data!$A:$A,DATE(2026,5,6)),"") | I11: =IFERROR(SUMIFS(Data!$F:$F,Data!$B:$B,"พระราม 3",Data!$C:$C,"ITEM0662",Data!$A:$A,DATE(2026,5,7)),"") | J11: =IFERROR(SUMIFS(Data!$F:$F,Data!$B:$B,"พระราม 3",Data!$C:$C,"ITEM0662",Data!$A:$A,DATE(2026,5,8)),"") | K11: =IFERROR(SUMIFS(Data!$F:$F,Data!$B:$B,"พระราม 3",Data!$C:$C,"ITEM0662",Data!$A:$A,DATE(2026,5,9)),"") | L11: =IFERROR(SUMIFS(Data!$F:$F,Data!$B:$B,"พระราม 3",Data!$C:$C,"ITEM0662",Data!$A:$A,DATE(2026,5,10)),"") | M11: =IFERROR(SUMIFS(Data!$F:$F,Data!$B:$B,"พระราม 3",Data!$C:$C,"ITEM0662",Data!$A:$A,DATE(2026,5,11)),"") | N11: =IFERROR(SUMIFS(Data!$F:$F,Data!$B:$B,"พระราม 3",Data!$C:$C,"ITEM0662",Data!$A:$A,DATE(2026,5,12)),"") | O11: =IFERROR(SUMIFS(Data!$F:$F,Data!$B:$B,"พระราม 3",Data!$C:$C,"ITEM0662",Data!$A:$A,DATE(2026,5,13)),"") | P11: =IFERROR(SUMIFS(Data!$F:$F,Data!$B:$B,"พระราม 3",Data!$C:$C,"ITEM0662",Data!$A:$A,DATE(2026,5,14)),"") | Q11: =IFERROR(SUMIFS(Data!$F:$F,Data!$B:$B,"พระราม 3",Data!$C:$C,"ITEM0662",Data!$A:$A,DATE(2026,5,15)),"") | R11: =IFERROR(SUMIFS(Data!$F:$F,Data!$B:$B,"พระราม 3",Data!$C:$C,"ITEM0662",Data!$A:$A,DATE(2026,5,16)),"") | S11: =IFERROR(SUMIFS(Data!$F:$F,Data!$B:$B,"พระราม 3",Data!$C:$C,"ITEM0662",Data!$A:$A,DATE(2026,5,17)),"") | T11: =IFERROR(SUMIFS(Data!$F:$F,Data!$B:$B,"พระราม 3",Data!$C:$C,"ITEM0662",Data!$A:$A,DATE(2026,5,18)),"") | U11: =IFERROR(SUMIFS(Data!$F:$F,Data!$B:$B,"พระราม 3",Data!$C:$C,"ITEM0662",Data!$A:$A,DATE(2026,5,19)),"") | V11: =IFERROR(SUMIFS(Data!$F:$F,Data!$B:$B,"พระราม 3",Data!$C:$C,"ITEM0662",Data!$A:$A,DATE(2026,5,20)),"") | W11: =IFERROR(SUMIFS(Data!$F:$F,Data!$B:$B,"พระราม 3",Data!$C:$C,"ITEM0662",Data!$A:$A,DATE(2026,5,21)),"") | X11: =IFERROR(SUMIFS(Data!$F:$F,Data!$B:$B,"พระราม 3",Data!$C:$C,"ITEM0662",Data!$A:$A,DATE(2026,5,22)),"") | Y11: =IFERROR(SUMIFS(Data!$F:$F,Data!$B:$B,"พระราม 3",Data!$C:$C,"ITEM0662",Data!$A:$A,DATE(2026,5,23)),"") | Z11: =IFERROR(SUMIFS(Data!$F:$F,Data!$B:$B,"พระราม 3",Data!$C:$C,"ITEM0662",Data!$A:$A,DATE(2026,5,24)),"") | AA11: =IFERROR(SUMIFS(Data!$F:$F,Data!$B:$B,"พระราม 3",Data!$C:$C,"ITEM0662",Data!$A:$A,DATE(2026,5,25)),"") | AB11: =IFERROR(SUMIFS(Data!$F:$F,Data!$B:$B,"พระราม 3",Data!$C:$C,"ITEM0662",Data!$A:$A,DATE(2026,5,26)),"") | AC11: =IFERROR(SUMIFS(Data!$F:$F,Data!$B:$B,"พระราม 3",Data!$C:$C,"ITEM0662",Data!$A:$A,DATE(2026,5,27)),"") | AD11: =IFERROR(SUMIFS(Data!$F:$F,Data!$B:$B,"พระราม 3",Data!$C:$C,"ITEM0662",Data!$A:$A,DATE(2026,5,28)),"") | AE11: =IFERROR(SUMIFS(Data!$F:$F,Data!$B:$B,"พระราม 3",Data!$C:$C,"ITEM0662",Data!$A:$A,DATE(2026,5,29)),"") | AF11: =IFERROR(SUMIFS(Data!$F:$F,Data!$B:$B,"พระราม 3",Data!$C:$C,"ITEM0662",Data!$A:$A,DATE(2026,5,30)),"") | AG11: =IFERROR(SUMIFS(Data!$F:$F,Data!$B:$B,"พระราม 3",Data!$C:$C,"ITEM0662",Data!$A:$A,DATE(2026,5,31)),"") | AH11: =IFERROR(SUM(C11:AG11),0) | AI11: =AH11*100 | AJ11: =IFERROR(AI11/AI17,0)
A12: ITEM0663 | B12: ชุดเซตข้าวมันไก่สิงคโปร์ | C12: =IFERROR(SUMIFS(Data!$F:$F,Data!$B:$B,"พระราม 3",Data!$C:$C,"ITEM0663",Data!$A:$A,DATE(2026,5,1)),"") | D12: =IFERROR(SUMIFS(Data!$F:$F,Data!$B:$B,"พระราม 3",Data!$C:$C,"ITEM0663",Data!$A:$A,DATE(2026,5,2)),"") | E12: =IFERROR(SUMIFS(Data!$F:$F,Data!$B:$B,"พระราม 3",Data!$C:$C,"ITEM0663",Data!$A:$A,DATE(2026,5,3)),"") | F12: =IFERROR(SUMIFS(Data!$F:$F,Data!$B:$B,"พระราม 3",Data!$C:$C,"ITEM0663",Data!$A:$A,DATE(2026,5,4)),"") | G12: =IFERROR(SUMIFS(Data!$F:$F,Data!$B:$B,"พระราม 3",Data!$C:$C,"ITEM0663",Data!$A:$A,DATE(2026,5,5)),"") | H12: =IFERROR(SUMIFS(Data!$F:$F,Data!$B:$B,"พระราม 3",Data!$C:$C,"ITEM0663",Data!$A:$A,DATE(2026,5,6)),"") | I12: =IFERROR(SUMIFS(Data!$F:$F,Data!$B:$B,"พระราม 3",Data!$C:$C,"ITEM0663",Data!$A:$A,DATE(2026,5,7)),"") | J12: =IFERROR(SUMIFS(Data!$F:$F,Data!$B:$B,"พระราม 3",Data!$C:$C,"ITEM0663",Data!$A:$A,DATE(2026,5,8)),"") | K12: =IFERROR(SUMIFS(Data!$F:$F,Data!$B:$B,"พระราม 3",Data!$C:$C,"ITEM0663",Data!$A:$A,DATE(2026,5,9)),"") | L12: =IFERROR(SUMIFS(Data!$F:$F,Data!$B:$B,"พระราม 3",Data!$C:$C,"ITEM0663",Data!$A:$A,DATE(2026,5,10)),"") | M12: =IFERROR(SUMIFS(Data!$F:$F,Data!$B:$B,"พระราม 3",Data!$C:$C,"ITEM0663",Data!$A:$A,DATE(2026,5,11)),"") | N12: =IFERROR(SUMIFS(Data!$F:$F,Data!$B:$B,"พระราม 3",Data!$C:$C,"ITEM0663",Data!$A:$A,DATE(2026,5,12)),"") | O12: =IFERROR(SUMIFS(Data!$F:$F,Data!$B:$B,"พระราม 3",Data!$C:$C,"ITEM0663",Data!$A:$A,DATE(2026,5,13)),"") | P12: =IFERROR(SUMIFS(Data!$F:$F,Data!$B:$B,"พระราม 3",Data!$C:$C,"ITEM0663",Data!$A:$A,DATE(2026,5,14)),"") | Q12: =IFERROR(SUMIFS(Data!$F:$F,Data!$B:$B,"พระราม 3",Data!$C:$C,"ITEM0663",Data!$A:$A,DATE(2026,5,15)),"") | R12: =IFERROR(SUMIFS(Data!$F:$F,Data!$B:$B,"พระราม 3",Data!$C:$C,"ITEM0663",Data!$A:$A,DATE(2026,5,16)),"") | S12: =IFERROR(SUMIFS(Data!$F:$F,Data!$B:$B,"พระราม 3",Data!$C:$C,"ITEM0663",Data!$A:$A,DATE(2026,5,17)),"") | T12: =IFERROR(SUMIFS(Data!$F:$F,Data!$B:$B,"พระราม 3",Data!$C:$C,"ITEM0663",Data!$A:$A,DATE(2026,5,18)),"") | U12: =IFERROR(SUMIFS(Data!$F:$F,Data!$B:$B,"พระราม 3",Data!$C:$C,"ITEM0663",Data!$A:$A,DATE(2026,5,19)),"") | V12: =IFERROR(SUMIFS(Data!$F:$F,Data!$B:$B,"พระราม 3",Data!$C:$C,"ITEM0663",Data!$A:$A,DATE(2026,5,20)),"") | W12: =IFERROR(SUMIFS(Data!$F:$F,Data!$B:$B,"พระราม 3",Data!$C:$C,"ITEM0663",Data!$A:$A,DATE(2026,5,21)),"") | X12: =IFERROR(SUMIFS(Data!$F:$F,Data!$B:$B,"พระราม 3",Data!$C:$C,"ITEM0663",Data!$A:$A,DATE(2026,5,22)),"") | Y12: =IFERROR(SUMIFS(Data!$F:$F,Data!$B:$B,"พระราม 3",Data!$C:$C,"ITEM0663",Data!$A:$A,DATE(2026,5,23)),"") | Z12: =IFERROR(SUMIFS(Data!$F:$F,Data!$B:$B,"พระราม 3",Data!$C:$C,"ITEM0663",Data!$A:$A,DATE(2026,5,24)),"") | AA12: =IFERROR(SUMIFS(Data!$F:$F,Data!$B:$B,"พระราม 3",Data!$C:$C,"ITEM0663",Data!$A:$A,DATE(2026,5,25)),"") | AB12: =IFERROR(SUMIFS(Data!$F:$F,Data!$B:$B,"พระราม 3",Data!$C:$C,"ITEM0663",Data!$A:$A,DATE(2026,5,26)),"") | AC12: =IFERROR(SUMIFS(Data!$F:$F,Data!$B:$B,"พระราม 3",Data!$C:$C,"ITEM0663",Data!$A:$A,DATE(2026,5,27)),"") | AD12: =IFERROR(SUMIFS(Data!$F:$F,Data!$B:$B,"พระราม 3",Data!$C:$C,"ITEM0663",Data!$A:$A,DATE(2026,5,28)),"") | AE12: =IFERROR(SUMIFS(Data!$F:$F,Data!$B:$B,"พระราม 3",Data!$C:$C,"ITEM0663",Data!$A:$A,DATE(2026,5,29)),"") | AF12: =IFERROR(SUMIFS(Data!$F:$F,Data!$B:$B,"พระราม 3",Data!$C:$C,"ITEM0663",Data!$A:$A,DATE(2026,5,30)),"") | AG12: =IFERROR(SUMIFS(Data!$F:$F,Data!$B:$B,"พระราม 3",Data!$C:$C,"ITEM0663",Data!$A:$A,DATE(2026,5,31)),"") | AH12: =IFERROR(SUM(C12:AG12),0) | AI12: =AH12*119 | AJ12: =IFERROR(AI12/AI17,0)
A13: ITEM0664 | B13: เพิ่มตับนุ่ม | C13: =IFERROR(SUMIFS(Data!$F:$F,Data!$B:$B,"พระราม 3",Data!$C:$C,"ITEM0664",Data!$A:$A,DATE(2026,5,1)),"") | D13: =IFERROR(SUMIFS(Data!$F:$F,Data!$B:$B,"พระราม 3",Data!$C:$C,"ITEM0664",Data!$A:$A,DATE(2026,5,2)),"") | E13: =IFERROR(SUMIFS(Data!$F:$F,Data!$B:$B,"พระราม 3",Data!$C:$C,"ITEM0664",Data!$A:$A,DATE(2026,5,3)),"") | F13: =IFERROR(SUMIFS(Data!$F:$F,Data!$B:$B,"พระราม 3",Data!$C:$C,"ITEM0664",Data!$A:$A,DATE(2026,5,4)),"") | G13: =IFERROR(SUMIFS(Data!$F:$F,Data!$B:$B,"พระราม 3",Data!$C:$C,"ITEM0664",Data!$A:$A,DATE(2026,5,5)),"") | H13: =IFERROR(SUMIFS(Data!$F:$F,Data!$B:$B,"พระราม 3",Data!$C:$C,"ITEM0664",Data!$A:$A,DATE(2026,5,6)),"") | I13: =IFERROR(SUMIFS(Data!$F:$F,Data!$B:$B,"พระราม 3",Data!$C:$C,"ITEM0664",Data!$A:$A,DATE(2026,5,7)),"") | J13: =IFERROR(SUMIFS(Data!$F:$F,Data!$B:$B,"พระราม 3",Data!$C:$C,"ITEM0664",Data!$A:$A,DATE(2026,5,8)),"") | K13: =IFERROR(SUMIFS(Data!$F:$F,Data!$B:$B,"พระราม 3",Data!$C:$C,"ITEM0664",Data!$A:$A,DATE(2026,5,9)),"") | L13: =IFERROR(SUMIFS(Data!$F:$F,Data!$B:$B,"พระราม 3",Data!$C:$C,"ITEM0664",Data!$A:$A,DATE(2026,5,10)),"") | M13: =IFERROR(SUMIFS(Data!$F:$F,Data!$B:$B,"พระราม 3",Data!$C:$C,"ITEM0664",Data!$A:$A,DATE(2026,5,11)),"") | N13: =IFERROR(SUMIFS(Data!$F:$F,Data!$B:$B,"พระราม 3",Data!$C:$C,"ITEM0664",Data!$A:$A,DATE(2026,5,12)),"") | O13: =IFERROR(SUMIFS(Data!$F:$F,Data!$B:$B,"พระราม 3",Data!$C:$C,"ITEM0664",Data!$A:$A,DATE(2026,5,13)),"") | P13: =IFERROR(SUMIFS(Data!$F:$F,Data!$B:$B,"พระราม 3",Data!$C:$C,"ITEM0664",Data!$A:$A,DATE(2026,5,14)),"") | Q13: =IFERROR(SUMIFS(Data!$F:$F,Data!$B:$B,"พระราม 3",Data!$C:$C,"ITEM0664",Data!$A:$A,DATE(2026,5,15)),"") | R13: =IFERROR(SUMIFS(Data!$F:$F,Data!$B:$B,"พระราม 3",Data!$C:$C,"ITEM0664",Data!$A:$A,DATE(2026,5,16)),"") | S13: =IFERROR(SUMIFS(Data!$F:$F,Data!$B:$B,"พระราม 3",Data!$C:$C,"ITEM0664",Data!$A:$A,DATE(2026,5,17)),"") | T13: =IFERROR(SUMIFS(Data!$F:$F,Data!$B:$B,"พระราม 3",Data!$C:$C,"ITEM0664",Data!$A:$A,DATE(2026,5,18)),"") | U13: =IFERROR(SUMIFS(Data!$F:$F,Data!$B:$B,"พระราม 3",Data!$C:$C,"ITEM0664",Data!$A:$A,DATE(2026,5,19)),"") | V13: =IFERROR(SUMIFS(Data!$F:$F,Data!$B:$B,"พระราม 3",Data!$C:$C,"ITEM0664",Data!$A:$A,DATE(2026,5,20)),"") | W13: =IFERROR(SUMIFS(Data!$F:$F,Data!$B:$B,"พระราม 3",Data!$C:$C,"ITEM0664",Data!$A:$A,DATE(2026,5,21)),"") | X13: =IFERROR(SUMIFS(Data!$F:$F,Data!$B:$B,"พระราม 3",Data!$C:$C,"ITEM0664",Data!$A:$A,DATE(2026,5,22)),"") | Y13: =IFERROR(SUMIFS(Data!$F:$F,Data!$B:$B,"พระราม 3",Data!$C:$C,"ITEM0664",Data!$A:$A,DATE(2026,5,23)),"") | Z13: =IFERROR(SUMIFS(Data!$F:$F,Data!$B:$B,"พระราม 3",Data!$C:$C,"ITEM0664",Data!$A:$A,DATE(2026,5,24)),"") | AA13: =IFERROR(SUMIFS(Data!$F:$F,Data!$B:$B,"พระราม 3",Data!$C:$C,"ITEM0664",Data!$A:$A,DATE(2026,5,25)),"") | AB13: =IFERROR(SUMIFS(Data!$F:$F,Data!$B:$B,"พระราม 3",Data!$C:$C,"ITEM0664",Data!$A:$A,DATE(2026,5,26)),"") | AC13: =IFERROR(SUMIFS(Data!$F:$F,Data!$B:$B,"พระราม 3",Data!$C:$C,"ITEM0664",Data!$A:$A,DATE(2026,5,27)),"") | AD13: =IFERROR(SUMIFS(Data!$F:$F,Data!$B:$B,"พระราม 3",Data!$C:$C,"ITEM0664",Data!$A:$A,DATE(2026,5,28)),"") | AE13: =IFERROR(SUMIFS(Data!$F:$F,Data!$B:$B,"พระราม 3",Data!$C:$C,"ITEM0664",Data!$A:$A,DATE(2026,5,29)),"") | AF13: =IFERROR(SUMIFS(Data!$F:$F,Data!$B:$B,"พระราม 3",Data!$C:$C,"ITEM0664",Data!$A:$A,DATE(2026,5,30)),"") | AG13: =IFERROR(SUMIFS(Data!$F:$F,Data!$B:$B,"พระราม 3",Data!$C:$C,"ITEM0664",Data!$A:$A,DATE(2026,5,31)),"") | AH13: =IFERROR(SUM(C13:AG13),0) | AI13: =AH13*15 | AJ13: =IFERROR(AI13/AI17,0)
A14: ITEM0665 | B14: ข้าวมันเปล่า | C14: =IFERROR(SUMIFS(Data!$F:$F,Data!$B:$B,"พระราม 3",Data!$C:$C,"ITEM0665",Data!$A:$A,DATE(2026,5,1)),"") | D14: =IFERROR(SUMIFS(Data!$F:$F,Data!$B:$B,"พระราม 3",Data!$C:$C,"ITEM0665",Data!$A:$A,DATE(2026,5,2)),"") | E14: =IFERROR(SUMIFS(Data!$F:$F,Data!$B:$B,"พระราม 3",Data!$C:$C,"ITEM0665",Data!$A:$A,DATE(2026,5,3)),"") | F14: =IFERROR(SUMIFS(Data!$F:$F,Data!$B:$B,"พระราม 3",Data!$C:$C,"ITEM0665",Data!$A:$A,DATE(2026,5,4)),"") | G14: =IFERROR(SUMIFS(Data!$F:$F,Data!$B:$B,"พระราม 3",Data!$C:$C,"ITEM0665",Data!$A:$A,DATE(2026,5,5)),"") | H14: =IFERROR(SUMIFS(Data!$F:$F,Data!$B:$B,"พระราม 3",Data!$C:$C,"ITEM0665",Data!$A:$A,DATE(2026,5,6)),"") | I14: =IFERROR(SUMIFS(Data!$F:$F,Data!$B:$B,"พระราม 3",Data!$C:$C,"ITEM0665",Data!$A:$A,DATE(2026,5,7)),"") | J14: =IFERROR(SUMIFS(Data!$F:$F,Data!$B:$B,"พระราม 3",Data!$C:$C,"ITEM0665",Data!$A:$A,DATE(2026,5,8)),"") | K14: =IFERROR(SUMIFS(Data!$F:$F,Data!$B:$B,"พระราม 3",Data!$C:$C,"ITEM0665",Data!$A:$A,DATE(2026,5,9)),"") | L14: =IFERROR(SUMIFS(Data!$F:$F,Data!$B:$B,"พระราม 3",Data!$C:$C,"ITEM0665",Data!$A:$A,DATE(2026,5,10)),"") | M14: =IFERROR(SUMIFS(Data!$F:$F,Data!$B:$B,"พระราม 3",Data!$C:$C,"ITEM0665",Data!$A:$A,DATE(2026,5,11)),"") | N14: =IFERROR(SUMIFS(Data!$F:$F,Data!$B:$B,"พระราม 3",Data!$C:$C,"ITEM0665",Data!$A:$A,DATE(2026,5,12)),"") | O14: =IFERROR(SUMIFS(Data!$F:$F,Data!$B:$B,"พระราม 3",Data!$C:$C,"ITEM0665",Data!$A:$A,DATE(2026,5,13)),"") | P14: =IFERROR(SUMIFS(Data!$F:$F,Data!$B:$B,"พระราม 3",Data!$C:$C,"ITEM0665",Data!$A:$A,DATE(2026,5,14)),"") | Q14: =IFERROR(SUMIFS(Data!$F:$F,Data!$B:$B,"พระราม 3",Data!$C:$C,"ITEM0665",Data!$A:$A,DATE(2026,5,15)),"") | R14: =IFERROR(SUMIFS(Data!$F:$F,Data!$B:$B,"พระราม 3",Data!$C:$C,"ITEM0665",Data!$A:$A,DATE(2026,5,16)),"") | S14: =IFERROR(SUMIFS(Data!$F:$F,Data!$B:$B,"พระราม 3",Data!$C:$C,"ITEM0665",Data!$A:$A,DATE(2026,5,17)),"") | T14: =IFERROR(SUMIFS(Data!$F:$F,Data!$B:$B,"พระราม 3",Data!$C:$C,"ITEM0665",Data!$A:$A,DATE(2026,5,18)),"") | U14: =IFERROR(SUMIFS(Data!$F:$F,Data!$B:$B,"พระราม 3",Data!$C:$C,"ITEM0665",Data!$A:$A,DATE(2026,5,19)),"") | V14: =IFERROR(SUMIFS(Data!$F:$F,Data!$B:$B,"พระราม 3",Data!$C:$C,"ITEM0665",Data!$A:$A,DATE(2026,5,20)),"") | W14: =IFERROR(SUMIFS(Data!$F:$F,Data!$B:$B,"พระราม 3",Data!$C:$C,"ITEM0665",Data!$A:$A,DATE(2026,5,21)),"") | X14: =IFERROR(SUMIFS(Data!$F:$F,Data!$B:$B,"พระราม 3",Data!$C:$C,"ITEM0665",Data!$A:$A,DATE(2026,5,22)),"") | Y14: =IFERROR(SUMIFS(Data!$F:$F,Data!$B:$B,"พระราม 3",Data!$C:$C,"ITEM0665",Data!$A:$A,DATE(2026,5,23)),"") | Z14: =IFERROR(SUMIFS(Data!$F:$F,Data!$B:$B,"พระราม 3",Data!$C:$C,"ITEM0665",Data!$A:$A,DATE(2026,5,24)),"") | AA14: =IFERROR(SUMIFS(Data!$F:$F,Data!$B:$B,"พระราม 3",Data!$C:$C,"ITEM0665",Data!$A:$A,DATE(2026,5,25)),"") | AB14: =IFERROR(SUMIFS(Data!$F:$F,Data!$B:$B,"พระราม 3",Data!$C:$C,"ITEM0665",Data!$A:$A,DATE(2026,5,26)),"") | AC14: =IFERROR(SUMIFS(Data!$F:$F,Data!$B:$B,"พระราม 3",Data!$C:$C,"ITEM0665",Data!$A:$A,DATE(2026,5,27)),"") | AD14: =IFERROR(SUMIFS(Data!$F:$F,Data!$B:$B,"พระราม 3",Data!$C:$C,"ITEM0665",Data!$A:$A,DATE(2026,5,28)),"") | AE14: =IFERROR(SUMIFS(Data!$F:$F,Data!$B:$B,"พระราม 3",Data!$C:$C,"ITEM0665",Data!$A:$A,DATE(2026,5,29)),"") | AF14: =IFERROR(SUMIFS(Data!$F:$F,Data!$B:$B,"พระราม 3",Data!$C:$C,"ITEM0665",Data!$A:$A,DATE(2026,5,30)),"") | AG14: =IFERROR(SUMIFS(Data!$F:$F,Data!$B:$B,"พระราม 3",Data!$C:$C,"ITEM0665",Data!$A:$A,DATE(2026,5,31)),"") | AH14: =IFERROR(SUM(C14:AG14),0) | AI14: =AH14*10 | AJ14: =IFERROR(AI14/AI17,0)
A15: ITEM0666 | B15: ไข่ยางมะตูม | C15: =IFERROR(SUMIFS(Data!$F:$F,Data!$B:$B,"พระราม 3",Data!$C:$C,"ITEM0666",Data!$A:$A,DATE(2026,5,1)),"") | D15: =IFERROR(SUMIFS(Data!$F:$F,Data!$B:$B,"พระราม 3",Data!$C:$C,"ITEM0666",Data!$A:$A,DATE(2026,5,2)),"") | E15: =IFERROR(SUMIFS(Data!$F:$F,Data!$B:$B,"พระราม 3",Data!$C:$C,"ITEM0666",Data!$A:$A,DATE(2026,5,3)),"") | F15: =IFERROR(SUMIFS(Data!$F:$F,Data!$B:$B,"พระราม 3",Data!$C:$C,"ITEM0666",Data!$A:$A,DATE(2026,5,4)),"") | G15: =IFERROR(SUMIFS(Data!$F:$F,Data!$B:$B,"พระราม 3",Data!$C:$C,"ITEM0666",Data!$A:$A,DATE(2026,5,5)),"") | H15: =IFERROR(SUMIFS(Data!$F:$F,Data!$B:$B,"พระราม 3",Data!$C:$C,"ITEM0666",Data!$A:$A,DATE(2026,5,6)),"") | I15: =IFERROR(SUMIFS(Data!$F:$F,Data!$B:$B,"พระราม 3",Data!$C:$C,"ITEM0666",Data!$A:$A,DATE(2026,5,7)),"") | J15: =IFERROR(SUMIFS(Data!$F:$F,Data!$B:$B,"พระราม 3",Data!$C:$C,"ITEM0666",Data!$A:$A,DATE(2026,5,8)),"") | K15: =IFERROR(SUMIFS(Data!$F:$F,Data!$B:$B,"พระราม 3",Data!$C:$C,"ITEM0666",Data!$A:$A,DATE(2026,5,9)),"") | L15: =IFERROR(SUMIFS(Data!$F:$F,Data!$B:$B,"พระราม 3",Data!$C:$C,"ITEM0666",Data!$A:$A,DATE(2026,5,10)),"") | M15: =IFERROR(SUMIFS(Data!$F:$F,Data!$B:$B,"พระราม 3",Data!$C:$C,"ITEM0666",Data!$A:$A,DATE(2026,5,11)),"") | N15: =IFERROR(SUMIFS(Data!$F:$F,Data!$B:$B,"พระราม 3",Data!$C:$C,"ITEM0666",Data!$A:$A,DATE(2026,5,12)),"") | O15: =IFERROR(SUMIFS(Data!$F:$F,Data!$B:$B,"พระราม 3",Data!$C:$C,"ITEM0666",Data!$A:$A,DATE(2026,5,13)),"") | P15: =IFERROR(SUMIFS(Data!$F:$F,Data!$B:$B,"พระราม 3",Data!$C:$C,"ITEM0666",Data!$A:$A,DATE(2026,5,14)),"") | Q15: =IFERROR(SUMIFS(Data!$F:$F,Data!$B:$B,"พระราม 3",Data!$C:$C,"ITEM0666",Data!$A:$A,DATE(2026,5,15)),"") | R15: =IFERROR(SUMIFS(Data!$F:$F,Data!$B:$B,"พระราม 3",Data!$C:$C,"ITEM0666",Data!$A:$A,DATE(2026,5,16)),"") | S15: =IFERROR(SUMIFS(Data!$F:$F,Data!$B:$B,"พระราม 3",Data!$C:$C,"ITEM0666",Data!$A:$A,DATE(2026,5,17)),"") | T15: =IFERROR(SUMIFS(Data!$F:$F,Data!$B:$B,"พระราม 3",Data!$C:$C,"ITEM0666",Data!$A:$A,DATE(2026,5,18)),"") | U15: =IFERROR(SUMIFS(Data!$F:$F,Data!$B:$B,"พระราม 3",Data!$C:$C,"ITEM0666",Data!$A:$A,DATE(2026,5,19)),"") | V15: =IFERROR(SUMIFS(Data!$F:$F,Data!$B:$B,"พระราม 3",Data!$C:$C,"ITEM0666",Data!$A:$A,DATE(2026,5,20)),"") | W15: =IFERROR(SUMIFS(Data!$F:$F,Data!$B:$B,"พระราม 3",Data!$C:$C,"ITEM0666",Data!$A:$A,DATE(2026,5,21)),"") | X15: =IFERROR(SUMIFS(Data!$F:$F,Data!$B:$B,"พระราม 3",Data!$C:$C,"ITEM0666",Data!$A:$A,DATE(2026,5,22)),"") | Y15: =IFERROR(SUMIFS(Data!$F:$F,Data!$B:$B,"พระราม 3",Data!$C:$C,"ITEM0666",Data!$A:$A,DATE(2026,5,23)),"") | Z15: =IFERROR(SUMIFS(Data!$F:$F,Data!$B:$B,"พระราม 3",Data!$C:$C,"ITEM0666",Data!$A:$A,DATE(2026,5,24)),"") | AA15: =IFERROR(SUMIFS(Data!$F:$F,Data!$B:$B,"พระราม 3",Data!$C:$C,"ITEM0666",Data!$A:$A,DATE(2026,5,25)),"") | AB15: =IFERROR(SUMIFS(Data!$F:$F,Data!$B:$B,"พระราม 3",Data!$C:$C,"ITEM0666",Data!$A:$A,DATE(2026,5,26)),"") | AC15: =IFERROR(SUMIFS(Data!$F:$F,Data!$B:$B,"พระราม 3",Data!$C:$C,"ITEM0666",Data!$A:$A,DATE(2026,5,27)),"") | AD15: =IFERROR(SUMIFS(Data!$F:$F,Data!$B:$B,"พระราม 3",Data!$C:$C,"ITEM0666",Data!$A:$A,DATE(2026,5,28)),"") | AE15: =IFERROR(SUMIFS(Data!$F:$F,Data!$B:$B,"พระราม 3",Data!$C:$C,"ITEM0666",Data!$A:$A,DATE(2026,5,29)),"") | AF15: =IFERROR(SUMIFS(Data!$F:$F,Data!$B:$B,"พระราม 3",Data!$C:$C,"ITEM0666",Data!$A:$A,DATE(2026,5,30)),"") | AG15: =IFERROR(SUMIFS(Data!$F:$F,Data!$B:$B,"พระราม 3",Data!$C:$C,"ITEM0666",Data!$A:$A,DATE(2026,5,31)),"") | AH15: =IFERROR(SUM(C15:AG15),0) | AI15: =AH15*7 | AJ15: =IFERROR(AI15/AI17,0)
B17: รวมทั้งหมด | C17: =IFERROR(SUM(C4:C15),0) | D17: =IFERROR(SUM(D4:D15),0) | E17: =IFERROR(SUM(E4:E15),0) | F17: =IFERROR(SUM(F4:F15),0) | G17: =IFERROR(SUM(G4:G15),0) | H17: =IFERROR(SUM(H4:H15),0) | I17: =IFERROR(SUM(I4:I15),0) | J17: =IFERROR(SUM(J4:J15),0) | ... AI17: =IFERROR(SUM(AI4:AI15),0)
A19: ยอดรวมจาก Data (฿) | C19: =IFERROR(SUMIFS(Data!$F:$F,Data!$B:$B,"พระราม 3",Data!$A:$A,DATE(2026,5,1)),"—") | D19: =IFERROR(SUMIFS(Data!$F:$F,Data!$B:$B,"พระราม 3",Data!$A:$A,DATE(2026,5,2)),"—") | E19: =IFERROR(SUMIFS(Data!$F:$F,Data!$B:$B,"พระราม 3",Data!$A:$A,DATE(2026,5,3)),"—") | F19: =IFERROR(SUMIFS(Data!$F:$F,Data!$B:$B,"พระราม 3",Data!$A:$A,DATE(2026,5,4)),"—") | G19: =IFERROR(SUMIFS(Data!$F:$F,Data!$B:$B,"พระราม 3",Data!$A:$A,DATE(2026,5,5)),"—") | H19: =IFERROR(SUMIFS(Data!$F:$F,Data!$B:$B,"พระราม 3",Data!$A:$A,DATE(2026,5,6)),"—") | I19: =IFERROR(SUMIFS(Data!$F:$F,Data!$B:$B,"พระราม 3",Data!$A:$A,DATE(2026,5,7)),"—") | J19: =IFERROR(SUMIFS(Data!$F:$F,Data!$B:$B,"พระราม 3",Data!$A:$A,DATE(2026,5,8)),"—") | K19: =IFERROR(SUMIFS(Data!$F:$F,Data!$B:$B,"พระราม 3",Data!$A:$A,DATE(2026,5,9)),"—") | L19: =IFERROR(SUMIFS(Data!$F:$F,Data!$B:$B,"พระราม 3",Data!$A:$A,DATE(2026,5,10)),"—") | M19: =IFERROR(SUMIFS(Data!$F:$F,Data!$B:$B,"พระราม 3",Data!$A:$A,DATE(2026,5,11)),"—") | N19: =IFERROR(SUMIFS(Data!$F:$F,Data!$B:$B,"พระราม 3",Data!$A:$A,DATE(2026,5,12)),"—") | O19: =IFERROR(SUMIFS(Data!$F:$F,Data!$B:$B,"พระราม 3",Data!$A:$A,DATE(2026,5,13)),"—") | P19: =IFERROR(SUMIFS(Data!$F:$F,Data!$B:$B,"พระราม 3",Data!$A:$A,DATE(2026,5,14)),"—") | Q19: =IFERROR(SUMIFS(Data!$F:$F,Data!$B:$B,"พระราม 3",Data!$A:$A,DATE(2026,5,15)),"—") | R19: =IFERROR(SUMIFS(Data!$F:$F,Data!$B:$B,"พระราม 3",Data!$A:$A,DATE(2026,5,16)),"—") | S19: =IFERROR(SUMIFS(Data!$F:$F,Data!$B:$B,"พระราม 3",Data!$A:$A,DATE(2026,5,17)),"—") | T19: =IFERROR(SUMIFS(Data!$F:$F,Data!$B:$B,"พระราม 3",Data!$A:$A,DATE(2026,5,18)),"—") | U19: =IFERROR(SUMIFS(Data!$F:$F,Data!$B:$B,"พระราม 3",Data!$A:$A,DATE(2026,5,19)),"—") | V19: =IFERROR(SUMIFS(Data!$F:$F,Data!$B:$B,"พระราม 3",Data!$A:$A,DATE(2026,5,20)),"—") | W19: =IFERROR(SUMIFS(Data!$F:$F,Data!$B:$B,"พระราม 3",Data!$A:$A,DATE(2026,5,21)),"—") | X19: =IFERROR(SUMIFS(Data!$F:$F,Data!$B:$B,"พระราม 3",Data!$A:$A,DATE(2026,5,22)),"—") | Y19: =IFERROR(SUMIFS(Data!$F:$F,Data!$B:$B,"พระราม 3",Data!$A:$A,DATE(2026,5,23)),"—") | Z19: =IFERROR(SUMIFS(Data!$F:$F,Data!$B:$B,"พระราม 3",Data!$A:$A,DATE(2026,5,24)),"—") | AA19: =IFERROR(SUMIFS(Data!$F:$F,Data!$B:$B,"พระราม 3",Data!$A:$A,DATE(2026,5,25)),"—") | AB19: =IFERROR(SUMIFS(Data!$F:$F,Data!$B:$B,"พระราม 3",Data!$A:$A,DATE(2026,5,26)),"—") | AC19: =IFERROR(SUMIFS(Data!$F:$F,Data!$B:$B,"พระราม 3",Data!$A:$A,DATE(2026,5,27)),"—") | AD19: =IFERROR(SUMIFS(Data!$F:$F,Data!$B:$B,"พระราม 3",Data!$A:$A,DATE(2026,5,28)),"—") | AE19: =IFERROR(SUMIFS(Data!$F:$F,Data!$B:$B,"พระราม 3",Data!$A:$A,DATE(2026,5,29)),"—") | AF19: =IFERROR(SUMIFS(Data!$F:$F,Data!$B:$B,"พระราม 3",Data!$A:$A,DATE(2026,5,30)),"—") | AG19: =IFERROR(SUMIFS(Data!$F:$F,Data!$B:$B,"พระราม 3",Data!$A:$A,DATE(2026,5,31)),"—") | AH19: =IFERROR(SUMIFS(Data!$F:$F,Data!$B:$B,"พระราม 3",Data!$A:$A,">="&DATE(2026,5,1),Data!$A:$A,"<="&DATE(2026,5,31)),0) | AK19: =IFERROR(SUMIFS(Data!$F:$F,Data!$B:$B,"พระราม 3",Data!$A:$A,">="&DATE(2026,5,1),Data!$A:$A,"<="&DATE(2026,5,15)),0) | AL19: =IFERROR(SUMIFS(Data!$F:$F,Data!$B:$B,"พระราม 3",Data!$A:$A,">="&DATE(2026,5,16),Data!$A:$A,"<="&DATE(2026,5,31)),0) | AM19: =AK19*0.9803738318 | AN19: =AL19*0.9803738318

Sheet แฟชั่น 3
A1: สาขา แฟชั่น 3 — ยอดขายรายเมนู พฤษภาคม 2569
A3: Item_Code | B3: ชื่อเมนู | C3: ศ 1/5 | D3: ส 2/5 | E3: อา 3/5 | F3: จ 4/5 | G3: อ 5/5 | H3: พ 6/5 | I3: พฤ 7/5 | J3: ศ 8/5 | K3: ส 9/5 | L3: อา 10/5 | M3: จ 11/5 | N3: อ 12/5 | O3: พ 13/5 | P3: พฤ 14/5 | Q3: ศ 15/5 | R3: ส 16/5 | S3: อา 17/5 | T3: จ 18/5 | U3: อ 19/5 | V3: พ 20/5 | W3: พฤ 21/5 | X3: ศ 22/5 | Y3: ส 23/5 | Z3: อา 24/5 | AA3: จ 25/5 | AB3: อ 26/5 | AC3: พ 27/5 | AD3: พฤ 28/5 | AE3: ศ 29/5 | AF3: ส 30/5 | AG3: อา 31/5 | AH3: รวม (จาน) | AI3: รวม (฿) | AJ3: % | AK3: ยอดขาย 1-15 | AL3: ยอดขาย 16-31 | AM3: ยอดรับ 1-15 | AN3: ยอดรับ 16-31
A4: FS26-0016 | B4: ข้าวมันสิงคโปร์ | C4: =IFERROR(SUMIFS(Data!$F:$F,Data!$B:$B,"แฟชั่น 3",Data!$C:$C,"FS26-0016",Data!$A:$A,DATE(2026,5,1)),"") | D4: =IFERROR(SUMIFS(Data!$F:$F,Data!$B:$B,"แฟชั่น 3",Data!$C:$C,"FS26-0016",Data!$A:$A,DATE(2026,5,2)),"") | E4: =IFERROR(SUMIFS(Data!$F:$F,Data!$B:$B,"แฟชั่น 3",Data!$C:$C,"FS26-0016",Data!$A:$A,DATE(2026,5,3)),"") | F4: =IFERROR(SUMIFS(Data!$F:$F,Data!$B:$B,"แฟชั่น 3",Data!$C:$C,"FS26-0016",Data!$A:$A,DATE(2026,5,4)),"") | G4: =IFERROR(SUMIFS(Data!$F:$F,Data!$B:$B,"แฟชั่น 3",Data!$C:$C,"FS26-0016",Data!$A:$A,DATE(2026,5,5)),"") | H4: =IFERROR(SUMIFS(Data!$F:$F,Data!$B:$B,"แฟชั่น 3",Data!$C:$C,"FS26-0016",Data!$A:$A,DATE(2026,5,6)),"") | I4: =IFERROR(SUMIFS(Data!$F:$F,Data!$B:$B,"แฟชั่น 3",Data!$C:$C,"FS26-0016",Data!$A:$A,DATE(2026,5,7)),"") | J4: =IFERROR(SUMIFS(Data!$F:$F,Data!$B:$B,"แฟชั่น 3",Data!$C:$C,"FS26-0016",Data!$A:$A,DATE(2026,5,8)),"") | K4: =IFERROR(SUMIFS(Data!$F:$F,Data!$B:$B,"แฟชั่น 3",Data!$C:$C,"FS26-0016",Data!$A:$A,DATE(2026,5,9)),"") | L4: =IFERROR(SUMIFS(Data!$F:$F,Data!$B:$B,"แฟชั่น 3",Data!$C:$C,"FS26-0016",Data!$A:$A,DATE(2026,5,10)),"") | M4: =IFERROR(SUMIFS(Data!$F:$F,Data!$B:$B,"แฟชั่น 3",Data!$C:$C,"FS26-0016",Data!$A:$A,DATE(2026,5,11)),"") | N4: =IFERROR(SUMIFS(Data!$F:$F,Data!$B:$B,"แฟชั่น 3",Data!$C:$C,"FS26-0016",Data!$A:$A,DATE(2026,5,12)),"") | O4: =IFERROR(SUMIFS(Data!$F:$F,Data!$B:$B,"แฟชั่น 3",Data!$C:$C,"FS26-0016",Data!$A:$A,DATE(2026,5,13)),"") | P4: =IFERROR(SUMIFS(Data!$F:$F,Data!$B:$B,"แฟชั่น 3",Data!$C:$C,"FS26-0016",Data!$A:$A,DATE(2026,5,14)),"") | Q4: =IFERROR(SUMIFS(Data!$F:$F,Data!$B:$B,"แฟชั่น 3",Data!$C:$C,"FS26-0016",Data!$A:$A,DATE(2026,5,15)),"") | R4: =IFERROR(SUMIFS(Data!$F:$F,Data!$B:$B,"แฟชั่น 3",Data!$C:$C,"FS26-0016",Data!$A:$A,DATE(2026,5,16)),"") | S4: =IFERROR(SUMIFS(Data!$F:$F,Data!$B:$B,"แฟชั่น 3",Data!$C:$C,"FS26-0016",Data!$A:$A,DATE(2026,5,17)),"") | T4: =IFERROR(SUMIFS(Data!$F:$F,Data!$B:$B,"แฟชั่น 3",Data!$C:$C,"FS26-0016",Data!$A:$A,DATE(2026,5,18)),"") | U4: =IFERROR(SUMIFS(Data!$F:$F,Data!$B:$B,"แฟชั่น 3",Data!$C:$C,"FS26-0016",Data!$A:$A,DATE(2026,5,19)),"") | V4: =IFERROR(SUMIFS(Data!$F:$F,Data!$B:$B,"แฟชั่น 3",Data!$C:$C,"FS26-0016",Data!$A:$A,DATE(2026,5,20)),"") | W4: =IFERROR(SUMIFS(Data!$F:$F,Data!$B:$B,"แฟชั่น 3",Data!$C:$C,"FS26-0016",Data!$A:$A,DATE(2026,5,21)),"") | X4: =IFERROR(SUMIFS(Data!$F:$F,Data!$B:$B,"แฟชั่น 3",Data!$C:$C,"FS26-0016",Data!$A:$A,DATE(2026,5,22)),"") | Y4: =IFERROR(SUMIFS(Data!$F:$F,Data!$B:$B,"แฟชั่น 3",Data!$C:$C,"FS26-0016",Data!$A:$A,DATE(2026,5,23)),"") | Z4: =IFERROR(SUMIFS(Data!$F:$F,Data!$B:$B,"แฟชั่น 3",Data!$C:$C,"FS26-0016",Data!$A:$A,DATE(2026,5,24)),"") | AA4: =IFERROR(SUMIFS(Data!$F:$F,Data!$B:$B,"แฟชั่น 3",Data!$C:$C,"FS26-0016",Data!$A:$A,DATE(2026,5,25)),"") | AB4: =IFERROR(SUMIFS(Data!$F:$F,Data!$B:$B,"แฟชั่น 3",Data!$C:$C,"FS26-0016",Data!$A:$A,DATE(2026,5,26)),"") | AC4: =IFERROR(SUMIFS(Data!$F:$F,Data!$B:$B,"แฟชั่น 3",Data!$C:$C,"FS26-0016",Data!$A:$A,DATE(2026,5,27)),"") | AD4: =IFERROR(SUMIFS(Data!$F:$F,Data!$B:$B,"แฟชั่น 3",Data!$C:$C,"FS26-0016",Data!$A:$A,DATE(2026,5,28)),"") | AE4: =IFERROR(SUMIFS(Data!$F:$F,Data!$B:$B,"แฟชั่น 3",Data!$C:$C,"FS26-0016",Data!$A:$A,DATE(2026,5,29)),"") | AF4: =IFERROR(SUMIFS(Data!$F:$F,Data!$B:$B,"แฟชั่น 3",Data!$C:$C,"FS26-0016",Data!$A:$A,DATE(2026,5,30)),"") | AG4: =IFERROR(SUMIFS(Data!$F:$F,Data!$B:$B,"แฟชั่น 3",Data!$C:$C,"FS26-0016",Data!$A:$A,DATE(2026,5,31)),"") | AH4: =IFERROR(SUM(C4:AG4),0) | AI4: =AH4*75 | AJ4: =IFERROR(AI4/AI27,0)
A5: FS26-0017 | B5: ข้าวมันไก่ทอด | C5: =IFERROR(SUMIFS(Data!$F:$F,Data!$B:$B,"แฟชั่น 3",Data!$C:$C,"FS26-0017",Data!$A:$A,DATE(2026,5,1)),"") | D5: =IFERROR(SUMIFS(Data!$F:$F,Data!$B:$B,"แฟชั่น 3",Data!$C:$C,"FS26-0017",Data!$A:$A,DATE(2026,5,2)),"") | E5: =IFERROR(SUMIFS(Data!$F:$F,Data!$B:$B,"แฟชั่น 3",Data!$C:$C,"FS26-0017",Data!$A:$A,DATE(2026,5,3)),"") | F5: =IFERROR(SUMIFS(Data!$F:$F,Data!$B:$B,"แฟชั่น 3",Data!$C:$C,"FS26-0017",Data!$A:$A,DATE(2026,5,4)),"") | G5: =IFERROR(SUMIFS(Data!$F:$F,Data!$B:$B,"แฟชั่น 3",Data!$C:$C,"FS26-0017",Data!$A:$A,DATE(2026,5,5)),"") | H5: =IFERROR(SUMIFS(Data!$F:$F,Data!$B:$B,"แฟชั่น 3",Data!$C:$C,"FS26-0017",Data!$A:$A,DATE(2026,5,6)),"") | I5: =IFERROR(SUMIFS(Data!$F:$F,Data!$B:$B,"แฟชั่น 3",Data!$C:$C,"FS26-0017",Data!$A:$A,DATE(2026,5,7)),"") | J5: =IFERROR(SUMIFS(Data!$F:$F,Data!$B:$B,"แฟชั่น 3",Data!$C:$C,"FS26-0017",Data!$A:$A,DATE(2026,5,8)),"") | K5: =IFERROR(SUMIFS(Data!$F:$F,Data!$B:$B,"แฟชั่น 3",Data!$C:$C,"FS26-0017",Data!$A:$A,DATE(2026,5,9)),"") | L5: =IFERROR(SUMIFS(Data!$F:$F,Data!$B:$B,"แฟชั่น 3",Data!$C:$C,"FS26-0017",Data!$A:$A,DATE(2026,5,10)),"") | M5: =IFERROR(SUMIFS(Data!$F:$F,Data!$B:$B,"แฟชั่น 3",Data!$C:$C,"FS26-0017",Data!$A:$A,DATE(2026,5,11)),"") | N5: =IFERROR(SUMIFS(Data!$F:$F,Data!$B:$B,"แฟชั่น 3",Data!$C:$C,"FS26-0017",Data!$A:$A,DATE(2026,5,12)),"") | O5: =IFERROR(SUMIFS(Data!$F:$F,Data!$B:$B,"แฟชั่น 3",Data!$C:$C,"FS26-0017",Data!$A:$A,DATE(2026,5,13)),"") | P5: =IFERROR(SUMIFS(Data!$F:$F,Data!$B:$B,"แฟชั่น 3",Data!$C:$C,"FS26-0017",Data!$A:$A,DATE(2026,5,14)),"") | Q5: =IFERROR(SUMIFS(Data!$F:$F,Data!$B:$B,"แฟชั่น 3",Data!$C:$C,"FS26-0017",Data!$A:$A,DATE(2026,5,15)),"") | R5: =IFERROR(SUMIFS(Data!$F:$F,Data!$B:$B,"แฟชั่น 3",Data!$C:$C,"FS26-0017",Data!$A:$A,DATE(2026,5,16)),"") | S5: =IFERROR(SUMIFS(Data!$F:$F,Data!$B:$B,"แฟชั่น 3",Data!$C:$C,"FS26-0017",Data!$A:$A,DATE(2026,5,17)),"") | T5: =IFERROR(SUMIFS(Data!$F:$F,Data!$B:$B,"แฟชั่น 3",Data!$C:$C,"FS26-0017",Data!$A:$A,DATE(2026,5,18)),"") | U5: =IFERROR(SUMIFS(Data!$F:$F,Data!$B:$B,"แฟชั่น 3",Data!$C:$C,"FS26-0017",Data!$A:$A,DATE(2026,5,19)),"") | V5: =IFERROR(SUMIFS(Data!$F:$F,Data!$B:$B,"แฟชั่น 3",Data!$C:$C,"FS26-0017",Data!$A:$A,DATE(2026,5,20)),"") | W5: =IFERROR(SUMIFS(Data!$F:$F,Data!$B:$B,"แฟชั่น 3",Data!$C:$C,"FS26-0017",Data!$A:$A,DATE(2026,5,21)),"") | X5: =IFERROR(SUMIFS(Data!$F:$F,Data!$B:$B,"แฟชั่น 3",Data!$C:$C,"FS26-0017",Data!$A:$A,DATE(2026,5,22)),"") | Y5: =IFERROR(SUMIFS(Data!$F:$F,Data!$B:$B,"แฟชั่น 3",Data!$C:$C,"FS26-0017",Data!$A:$A,DATE(2026,5,23)),"") | Z5: =IFERROR(SUMIFS(Data!$F:$F,Data!$B:$B,"แฟชั่น 3",Data!$C:$C,"FS26-0017",Data!$A:$A,DATE(2026,5,24)),"") | AA5: =IFERROR(SUMIFS(Data!$F:$F,Data!$B:$B,"แฟชั่น 3",Data!$C:$C,"FS26-0017",Data!$A:$A,DATE(2026,5,25)),"") | AB5: =IFERROR(SUMIFS(Data!$F:$F,Data!$B:$B,"แฟชั่น 3",Data!$C:$C,"FS26-0017",Data!$A:$A,DATE(2026,5,26)),"") | AC5: =IFERROR(SUMIFS(Data!$F:$F,Data!$B:$B,"แฟชั่น 3",Data!$C:$C,"FS26-0017",Data!$A:$A,DATE(2026,5,27)),"") | AD5: =IFERROR(SUMIFS(Data!$F:$F,Data!$B:$B,"แฟชั่น 3",Data!$C:$C,"FS26-0017",Data!$A:$A,DATE(2026,5,28)),"") | AE5: =IFERROR(SUMIFS(Data!$F:$F,Data!$B:$B,"แฟชั่น 3",Data!$C:$C,"FS26-0017",Data!$A:$A,DATE(2026,5,29)),"") | AF5: =IFERROR(SUMIFS(Data!$F:$F,Data!$B:$B,"แฟชั่น 3",Data!$C:$C,"FS26-0017",Data!$A:$A,DATE(2026,5,30)),"") | AG5: =IFERROR(SUMIFS(Data!$F:$F,Data!$B:$B,"แฟชั่น 3",Data!$C:$C,"FS26-0017",Data!$A:$A,DATE(2026,5,31)),"") | AH5: =IFERROR(SUM(C5:AG5),0) | AI5: =AH5*60 | AJ5: =IFERROR(AI5/AI27,0)
A6: FS26-0018 | B6: ข้าวมันไก่ทอด พิเศษ | C6: =IFERROR(SUMIFS(Data!$F:$F,Data!$B:$B,"แฟชั่น 3",Data!$C:$C,"FS26-0018",Data!$A:$A,DATE(2026,5,1)),"") | D6: =IFERROR(SUMIFS(Data!$F:$F,Data!$B:$B,"แฟชั่น 3",Data!$C:$C,"FS26-0018",Data!$A:$A,DATE(2026,5,2)),"") | E6: =IFERROR(SUMIFS(Data!$F:$F,Data!$B:$B,"แฟชั่น 3",Data!$C:$C,"FS26-0018",Data!$A:$A,DATE(2026,5,3)),"") | F6: =IFERROR(SUMIFS(Data!$F:$F,Data!$B:$B,"แฟชั่น 3",Data!$C:$C,"FS26-0018",Data!$A:$A,DATE(2026,5,4)),"") | G6: =IFERROR(SUMIFS(Data!$F:$F,Data!$B:$B,"แฟชั่น 3",Data!$C:$C,"FS26-0018",Data!$A:$A,DATE(2026,5,5)),"") | H6: =IFERROR(SUMIFS(Data!$F:$F,Data!$B:$B,"แฟชั่น 3",Data!$C:$C,"FS26-0018",Data!$A:$A,DATE(2026,5,6)),"") | I6: =IFERROR(SUMIFS(Data!$F:$F,Data!$B:$B,"แฟชั่น 3",Data!$C:$C,"FS26-0018",Data!$A:$A,DATE(2026,5,7)),"") | J6: =IFERROR(SUMIFS(Data!$F:$F,Data!$B:$B,"แฟชั่น 3",Data!$C:$C,"FS26-0018",Data!$A:$A,DATE(2026,5,8)),"") | K6: =IFERROR(SUMIFS(Data!$F:$F,Data!$B:$B,"แฟชั่น 3",Data!$C:$C,"FS26-0018",Data!$A:$A,DATE(2026,5,9)),"") | L6: =IFERROR(SUMIFS(Data!$F:$F,Data!$B:$B,"แฟชั่น 3",Data!$C:$C,"FS26-0018",Data!$A:$A,DATE(2026,5,10)),"") | M6: =IFERROR(SUMIFS(Data!$F:$F,Data!$B:$B,"แฟชั่น 3",Data!$C:$C,"FS26-0018",Data!$A:$A,DATE(2026,5,11)),"") | N6: =IFERROR(SUMIFS(Data!$F:$F,Data!$B:$B,"แฟชั่น 3",Data!$C:$C,"FS26-0018",Data!$A:$A,DATE(2026,5,12)),"") | O6: =IFERROR(SUMIFS(Data!$F:$F,Data!$B:$B,"แฟชั่น 3",Data!$C:$C,"FS26-0018",Data!$A:$A,DATE(2026,5,13)),"") | P6: =IFERROR(SUMIFS(Data!$F:$F,Data!$B:$B,"แฟชั่น 3",Data!$C:$C,"FS26-0018",Data!$A:$A,DATE(2026,5,14)),"") | Q6: =IFERROR(SUMIFS(Data!$F:$F,Data!$B:$B,"แฟชั่น 3",Data!$C:$C,"FS26-0018",Data!$A:$A,DATE(2026,5,15)),"") | R6: =IFERROR(SUMIFS(Data!$F:$F,Data!$B:$B,"แฟชั่น 3",Data!$C:$C,"FS26-0018",Data!$A:$A,DATE(2026,5,16)),"") | S6: =IFERROR(SUMIFS(Data!$F:$F,Data!$B:$B,"แฟชั่น 3",Data!$C:$C,"FS26-0018",Data!$A:$A,DATE(2026,5,17)),"") | T6: =IFERROR(SUMIFS(Data!$F:$F,Data!$B:$B,"แฟชั่น 3",Data!$C:$C,"FS26-0018",Data!$A:$A,DATE(2026,5,18)),"") | U6: =IFERROR(SUMIFS(Data!$F:$F,Data!$B:$B,"แฟชั่น 3",Data!$C:$C,"FS26-0018",Data!$A:$A,DATE(2026,5,19)),"") | V6: =IFERROR(SUMIFS(Data!$F:$F,Data!$B:$B,"แฟชั่น 3",Data!$C:$C,"FS26-0018",Data!$A:$A,DATE(2026,5,20)),"") | W6: =IFERROR(SUMIFS(Data!$F:$F,Data!$B:$B,"แฟชั่น 3",Data!$C:$C,"FS26-0018",Data!$A:$A,DATE(2026,5,21)),"") | X6: =IFERROR(SUMIFS(Data!$F:$F,Data!$B:$B,"แฟชั่น 3",Data!$C:$C,"FS26-0018",Data!$A:$A,DATE(2026,5,22)),"") | Y6: =IFERROR(SUMIFS(Data!$F:$F,Data!$B:$B,"แฟชั่น 3",Data!$C:$C,"FS26-0018",Data!$A:$A,DATE(2026,5,23)),"") | Z6: =IFERROR(SUMIFS(Data!$F:$F,Data!$B:$B,"แฟชั่น 3",Data!$C:$C,"FS26-0018",Data!$A:$A,DATE(2026,5,24)),"") | AA6: =IFERROR(SUMIFS(Data!$F:$F,Data!$B:$B,"แฟชั่น 3",Data!$C:$C,"FS26-0018",Data!$A:$A,DATE(2026,5,25)),"") | AB6: =IFERROR(SUMIFS(Data!$F:$F,Data!$B:$B,"แฟชั่น 3",Data!$C:$C,"FS26-0018",Data!$A:$A,DATE(2026,5,26)),"") | AC6: =IFERROR(SUMIFS(Data!$F:$F,Data!$B:$B,"แฟชั่น 3",Data!$C:$C,"FS26-0018",Data!$A:$A,DATE(2026,5,27)),"") | AD6: =IFERROR(SUMIFS(Data!$F:$F,Data!$B:$B,"แฟชั่น 3",Data!$C:$C,"FS26-0018",Data!$A:$A,DATE(2026,5,28)),"") | AE6: =IFERROR(SUMIFS(Data!$F:$F,Data!$B:$B,"แฟชั่น 3",Data!$C:$C,"FS26-0018",Data!$A:$A,DATE(2026,5,29)),"") | AF6: =IFERROR(SUMIFS(Data!$F:$F,Data!$B:$B,"แฟชั่น 3",Data!$C:$C,"FS26-0018",Data!$A:$A,DATE(2026,5,30)),"") | AG6: =IFERROR(SUMIFS(Data!$F:$F,Data!$B:$B,"แฟชั่น 3",Data!$C:$C,"FS26-0018",Data!$A:$A,DATE(2026,5,31)),"") | AH6: =IFERROR(SUM(C6:AG6),0) | AI6: =AH6*70 | AJ6: =IFERROR(AI6/AI27,0)
A7: FS26-0019 | B7: ไก่ทอดสับ | C7: =IFERROR(SUMIFS(Data!$F:$F,Data!$B:$B,"แฟชั่น 3",Data!$C:$C,"FS26-0019",Data!$A:$A,DATE(2026,5,1)),"") | D7: =IFERROR(SUMIFS(Data!$F:$F,Data!$B:$B,"แฟชั่น 3",Data!$C:$C,"FS26-0019",Data!$A:$A,DATE(2026,5,2)),"") | E7: =IFERROR(SUMIFS(Data!$F:$F,Data!$B:$B,"แฟชั่น 3",Data!$C:$C,"FS26-0019",Data!$A:$A,DATE(2026,5,3)),"") | F7: =IFERROR(SUMIFS(Data!$F:$F,Data!$B:$B,"แฟชั่น 3",Data!$C:$C,"FS26-0019",Data!$A:$A,DATE(2026,5,4)),"") | G7: =IFERROR(SUMIFS(Data!$F:$F,Data!$B:$B,"แฟชั่น 3",Data!$C:$C,"FS26-0019",Data!$A:$A,DATE(2026,5,5)),"") | H7: =IFERROR(SUMIFS(Data!$F:$F,Data!$B:$B,"แฟชั่น 3",Data!$C:$C,"FS26-0019",Data!$A:$A,DATE(2026,5,6)),"") | I7: =IFERROR(SUMIFS(Data!$F:$F,Data!$B:$B,"แฟชั่น 3",Data!$C:$C,"FS26-0019",Data!$A:$A,DATE(2026,5,7)),"") | J7: =IFERROR(SUMIFS(Data!$F:$F,Data!$B:$B,"แฟชั่น 3",Data!$C:$C,"FS26-0019",Data!$A:$A,DATE(2026,5,8)),"") | K7: =IFERROR(SUMIFS(Data!$F:$F,Data!$B:$B,"แฟชั่น 3",Data!$C:$C,"FS26-0019",Data!$A:$A,DATE(2026,5,9)),"") | L7: =IFERROR(SUMIFS(Data!$F:$F,Data!$B:$B,"แฟชั่น 3",Data!$C:$C,"FS26-0019",Data!$A:$A,DATE(2026,5,10)),"") | M7: =IFERROR(SUMIFS(Data!$F:$F,Data!$B:$B,"แฟชั่น 3",Data!$C:$C,"FS26-0019",Data!$A:$A,DATE(2026,5,11)),"") | N7: =IFERROR(SUMIFS(Data!$F:$F,Data!$B:$B,"แฟชั่น 3",Data!$C:$C,"FS26-0019",Data!$A:$A,DATE(2026,5,12)),"") | O7: =IFERROR(SUMIFS(Data!$F:$F,Data!$B:$B,"แฟชั่น 3",Data!$C:$C,"FS26-0019",Data!$A:$A,DATE(2026,5,13)),"") | P7: =IFERROR(SUMIFS(Data!$F:$F,Data!$B:$B,"แฟชั่น 3",Data!$C:$C,"FS26-0019",Data!$A:$A,DATE(2026,5,14)),"") | Q7: =IFERROR(SUMIFS(Data!$F:$F,Data!$B:$B,"แฟชั่น 3",Data!$C:$C,"FS26-0019",Data!$A:$A,DATE(2026,5,15)),"") | R7: =IFERROR(SUMIFS(Data!$F:$F,Data!$B:$B,"แฟชั่น 3",Data!$C:$C,"FS26-0019",Data!$A:$A,DATE(2026,5,16)),"") | S7: =IFERROR(SUMIFS(Data!$F:$F,Data!$B:$B,"แฟชั่น 3",Data!$C:$C,"FS26-0019",Data!$A:$A,DATE(2026,5,17)),"") | T7: =IFERROR(SUMIFS(Data!$F:$F,Data!$B:$B,"แฟชั่น 3",Data!$C:$C,"FS26-0019",Data!$A:$A,DATE(2026,5,18)),"") | U7: =IFERROR(SUMIFS(Data!$F:$F,Data!$B:$B,"แฟชั่น 3",Data!$C:$C,"FS26-0019",Data!$A:$A,DATE(2026,5,19)),"") | V7: =IFERROR(SUMIFS(Data!$F:$F,Data!$B:$B,"แฟชั่น 3",Data!$C:$C,"FS26-0019",Data!$A:$A,DATE(2026,5,20)),"") | W7: =IFERROR(SUMIFS(Data!$F:$F,Data!$B:$B,"แฟชั่น 3",Data!$C:$C,"FS26-0019",Data!$A:$A,DATE(2026,5,21)),"") | X7: =IFERROR(SUMIFS(Data!$F:$F,Data!$B:$B,"แฟชั่น 3",Data!$C:$C,"FS26-0019",Data!$A:$A,DATE(2026,5,22)),"") | Y7: =IFERROR(SUMIFS(Data!$F:$F,Data!$B:$B,"แฟชั่น 3",Data!$C:$C,"FS26-0019",Data!$A:$A,DATE(2026,5,23)),"") | Z7: =IFERROR(SUMIFS(Data!$F:$F,Data!$B:$B,"แฟชั่น 3",Data!$C:$C,"FS26-0019",Data!$A:$A,DATE(2026,5,24)),"") | AA7: =IFERROR(SUMIFS(Data!$F:$F,Data!$B:$B,"แฟชั่น 3",Data!$C:$C,"FS26-0019",Data!$A:$A,DATE(2026,5,25)),"") | AB7: =IFERROR(SUMIFS(Data!$F:$F,Data!$B:$B,"แฟชั่น 3",Data!$C:$C,"FS26-0019",Data!$A:$A,DATE(2026,5,26)),"") | AC7: =IFERROR(SUMIFS(Data!$F:$F,Data!$B:$B,"แฟชั่น 3",Data!$C:$C,"FS26-0019",Data!$A:$A,DATE(2026,5,27)),"") | AD7: =IFERROR(SUMIFS(Data!$F:$F,Data!$B:$B,"แฟชั่น 3",Data!$C:$C,"FS26-0019",Data!$A:$A,DATE(2026,5,28)),"") | AE7: =IFERROR(SUMIFS(Data!$F:$F,Data!$B:$B,"แฟชั่น 3",Data!$C:$C,"FS26-0019",Data!$A:$A,DATE(2026,5,29)),"") | AF7: =IFERROR(SUMIFS(Data!$F:$F,Data!$B:$B,"แฟชั่น 3",Data!$C:$C,"FS26-0019",Data!$A:$A,DATE(2026,5,30)),"") | AG7: =IFERROR(SUMIFS(Data!$F:$F,Data!$B:$B,"แฟชั่น 3",Data!$C:$C,"FS26-0019",Data!$A:$A,DATE(2026,5,31)),"") | AH7: =IFERROR(SUM(C7:AG7),0) | AI7: =AH7*60 | AJ7: =IFERROR(AI7/AI27,0)
A8: FS26-0020 | B8: ไก่ต้มสับ | C8: =IFERROR(SUMIFS(Data!$F:$F,Data!$B:$B,"แฟชั่น 3",Data!$C:$C,"FS26-0020",Data!$A:$A,DATE(2026,5,1)),"") | D8: =IFERROR(SUMIFS(Data!$F:$F,Data!$B:$B,"แฟชั่น 3",Data!$C:$C,"FS26-0020",Data!$A:$A,DATE(2026,5,2)),"") | E8: =IFERROR(SUMIFS(Data!$F:$F,Data!$B:$B,"แฟชั่น 3",Data!$C:$C,"FS26-0020",Data!$A:$A,DATE(2026,5,3)),"") | F8: =IFERROR(SUMIFS(Data!$F:$F,Data!$B:$B,"แฟชั่น 3",Data!$C:$C,"FS26-0020",Data!$A:$A,DATE(2026,5,4)),"") | G8: =IFERROR(SUMIFS(Data!$F:$F,Data!$B:$B,"แฟชั่น 3",Data!$C:$C,"FS26-0020",Data!$A:$A,DATE(2026,5,5)),"") | H8: =IFERROR(SUMIFS(Data!$F:$F,Data!$B:$B,"แฟชั่น 3",Data!$C:$C,"FS26-0020",Data!$A:$A,DATE(2026,5,6)),"") | I8: =IFERROR(SUMIFS(Data!$F:$F,Data!$B:$B,"แฟชั่น 3",Data!$C:$C,"FS26-0020",Data!$A:$A,DATE(2026,5,7)),"") | J8: =IFERROR(SUMIFS(Data!$F:$F,Data!$B:$B,"แฟชั่น 3",Data!$C:$C,"FS26-0020",Data!$A:$A,DATE(2026,5,8)),"") | K8: =IFERROR(SUMIFS(Data!$F:$F,Data!$B:$B,"แฟชั่น 3",Data!$C:$C,"FS26-0020",Data!$A:$A,DATE(2026,5,9)),"") | L8: =IFERROR(SUMIFS(Data!$F:$F,Data!$B:$B,"แฟชั่น 3",Data!$C:$C,"FS26-0020",Data!$A:$A,DATE(2026,5,10)),"") | M8: =IFERROR(SUMIFS(Data!$F:$F,Data!$B:$B,"แฟชั่น 3",Data!$C:$C,"FS26-0020",Data!$A:$A,DATE(2026,5,11)),"") | N8: =IFERROR(SUMIFS(Data!$F:$F,Data!$B:$B,"แฟชั่น 3",Data!$C:$C,"FS26-0020",Data!$A:$A,DATE(2026,5,12)),"") | O8: =IFERROR(SUMIFS(Data!$F:$F,Data!$B:$B,"แฟชั่น 3",Data!$C:$C,"FS26-0020",Data!$A:$A,DATE(2026,5,13)),"") | P8: =IFERROR(SUMIFS(Data!$F:$F,Data!$B:$B,"แฟชั่น 3",Data!$C:$C,"FS26-0020",Data!$A:$A,DATE(2026,5,14)),"") | Q8: =IFERROR(SUMIFS(Data!$F:$F,Data!$B:$B,"แฟชั่น 3",Data!$C:$C,"FS26-0020",Data!$A:$A,DATE(2026,5,15)),"") | R8: =IFERROR(SUMIFS(Data!$F:$F,Data!$B:$B,"แฟชั่น 3",Data!$C:$C,"FS26-0020",Data!$A:$A,DATE(2026,5,16)),"") | S8: =IFERROR(SUMIFS(Data!$F:$F,Data!$B:$B,"แฟชั่น 3",Data!$C:$C,"FS26-0020",Data!$A:$A,DATE(2026,5,17)),"") | T8: =IFERROR(SUMIFS(Data!$F:$F,Data!$B:$B,"แฟชั่น 3",Data!$C:$C,"FS26-0020",Data!$A:$A,DATE(2026,5,18)),"") | U8: =IFERROR(SUMIFS(Data!$F:$F,Data!$B:$B,"แฟชั่น 3",Data!$C:$C,"FS26-0020",Data!$A:$A,DATE(2026,5,19)),"") | V8: =IFERROR(SUMIFS(Data!$F:$F,Data!$B:$B,"แฟชั่น 3",Data!$C:$C,"FS26-0020",Data!$A:$A,DATE(2026,5,20)),"") | W8: =IFERROR(SUMIFS(Data!$F:$F,Data!$B:$B,"แฟชั่น 3",Data!$C:$C,"FS26-0020",Data!$A:$A,DATE(2026,5,21)),"") | X8: =IFERROR(SUMIFS(Data!$F:$F,Data!$B:$B,"แฟชั่น 3",Data!$C:$C,"FS26-0020",Data!$A:$A,DATE(2026,5,22)),"") | Y8: =IFERROR(SUMIFS(Data!$F:$F,Data!$B:$B,"แฟชั่น 3",Data!$C:$C,"FS26-0020",Data!$A:$A,DATE(2026,5,23)),"") | Z8: =IFERROR(SUMIFS(Data!$F:$F,Data!$B:$B,"แฟชั่น 3",Data!$C:$C,"FS26-0020",Data!$A:$A,DATE(2026,5,24)),"") | AA8: =IFERROR(SUMIFS(Data!$F:$F,Data!$B:$B,"แฟชั่น 3",Data!$C:$C,"FS26-0020",Data!$A:$A,DATE(2026,5,25)),"") | AB8: =IFERROR(SUMIFS(Data!$F:$F,Data!$B:$B,"แฟชั่น 3",Data!$C:$C,"FS26-0020",Data!$A:$A,DATE(2026,5,26)),"") | AC8: =IFERROR(SUMIFS(Data!$F:$F,Data!$B:$B,"แฟชั่น 3",Data!$C:$C,"FS26-0020",Data!$A:$A,DATE(2026,5,27)),"") | AD8: =IFERROR(SUMIFS(Data!$F:$F,Data!$B:$B,"แฟชั่น 3",Data!$C:$C,"FS26-0020",Data!$A:$A,DATE(2026,5,28)),"") | AE8: =IFERROR(SUMIFS(Data!$F:$F,Data!$B:$B,"แฟชั่น 3",Data!$C:$C,"FS26-0020",Data!$A:$A,DATE(2026,5,29)),"") | AF8: =IFERROR(SUMIFS(Data!$F:$F,Data!$B:$B,"แฟชั่น 3",Data!$C:$C,"FS26-0020",Data!$A:$A,DATE(2026,5,30)),"") | AG8: =IFERROR(SUMIFS(Data!$F:$F,Data!$B:$B,"แฟชั่น 3",Data!$C:$C,"FS26-0020",Data!$A:$A,DATE(2026,5,31)),"") | AH8: =IFERROR(SUM(C8:AG8),0) | AI8: =AH8*60 | AJ8: =IFERROR(AI8/AI27,0)
A9: FS26-0021 | B9: ข้าวมันตับนุ่ม | C9: =IFERROR(SUMIFS(Data!$F:$F,Data!$B:$B,"แฟชั่น 3",Data!$C:$C,"FS26-0021",Data!$A:$A,DATE(2026,5,1)),"") | D9: =IFERROR(SUMIFS(Data!$F:$F,Data!$B:$B,"แฟชั่น 3",Data!$C:$C,"FS26-0021",Data!$A:$A,DATE(2026,5,2)),"") | E9: =IFERROR(SUMIFS(Data!$F:$F,Data!$B:$B,"แฟชั่น 3",Data!$C:$C,"FS26-0021",Data!$A:$A,DATE(2026,5,3)),"") | F9: =IFERROR(SUMIFS(Data!$F:$F,Data!$B:$B,"แฟชั่น 3",Data!$C:$C,"FS26-0021",Data!$A:$A,DATE(2026,5,4)),"") | G9: =IFERROR(SUMIFS(Data!$F:$F,Data!$B:$B,"แฟชั่น 3",Data!$C:$C,"FS26-0021",Data!$A:$A,DATE(2026,5,5)),"") | H9: =IFERROR(SUMIFS(Data!$F:$F,Data!$B:$B,"แฟชั่น 3",Data!$C:$C,"FS26-0021",Data!$A:$A,DATE(2026,5,6)),"") | I9: =IFERROR(SUMIFS(Data!$F:$F,Data!$B:$B,"แฟชั่น 3",Data!$C:$C,"FS26-0021",Data!$A:$A,DATE(2026,5,7)),"") | J9: =IFERROR(SUMIFS(Data!$F:$F,Data!$B:$B,"แฟชั่น 3",Data!$C:$C,"FS26-0021",Data!$A:$A,DATE(2026,5,8)),"") | K9: =IFERROR(SUMIFS(Data!$F:$F,Data!$B:$B,"แฟชั่น 3",Data!$C:$C,"FS26-0021",Data!$A:$A,DATE(2026,5,9)),"") | L9: =IFERROR(SUMIFS(Data!$F:$F,Data!$B:$B,"แฟชั่น 3",Data!$C:$C,"FS26-0021",Data!$A:$A,DATE(2026,5,10)),"") | M9: =IFERROR(SUMIFS(Data!$F:$F,Data!$B:$B,"แฟชั่น 3",Data!$C:$C,"FS26-0021",Data!$A:$A,DATE(2026,5,11)),"") | N9: =IFERROR(SUMIFS(Data!$F:$F,Data!$B:$B,"แฟชั่น 3",Data!$C:$C,"FS26-0021",Data!$A:$A,DATE(2026,5,12)),"") | O9: =IFERROR(SUMIFS(Data!$F:$F,Data!$B:$B,"แฟชั่น 3",Data!$C:$C,"FS26-0021",Data!$A:$A,DATE(2026,5,13)),"") | P9: =IFERROR(SUMIFS(Data!$F:$F,Data!$B:$B,"แฟชั่น 3",Data!$C:$C,"FS26-0021",Data!$A:$A,DATE(2026,5,14)),"") | Q9: =IFERROR(SUMIFS(Data!$F:$F,Data!$B:$B,"แฟชั่น 3",Data!$C:$C,"FS26-0021",Data!$A:$A,DATE(2026,5,15)),"") | R9: =IFERROR(SUMIFS(Data!$F:$F,Data!$B:$B,"แฟชั่น 3",Data!$C:$C,"FS26-0021",Data!$A:$A,DATE(2026,5,16)),"") | S9: =IFERROR(SUMIFS(Data!$F:$F,Data!$B:$B,"แฟชั่น 3",Data!$C:$C,"FS26-0021",Data!$A:$A,DATE(2026,5,17)),"") | T9: =IFERROR(SUMIFS(Data!$F:$F,Data!$B:$B,"แฟชั่น 3",Data!$C:$C,"FS26-0021",Data!$A:$A,DATE(2026,5,18)),"") | U9: =IFERROR(SUMIFS(Data!$F:$F,Data!$B:$B,"แฟชั่น 3",Data!$C:$C,"FS26-0021",Data!$A:$A,DATE(2026,5,19)),"") | V9: =IFERROR(SUMIFS(Data!$F:$F,Data!$B:$B,"แฟชั่น 3",Data!$C:$C,"FS26-0021",Data!$A:$A,DATE(2026,5,20)),"") | W9: =IFERROR(SUMIFS(Data!$F:$F,Data!$B:$B,"แฟชั่น 3",Data!$C:$C,"FS26-0021",Data!$A:$A,DATE(2026,5,21)),"") | X9: =IFERROR(SUMIFS(Data!$F:$F,Data!$B:$B,"แฟชั่น 3",Data!$C:$C,"FS26-0021",Data!$A:$A,DATE(2026,5,22)),"") | Y9: =IFERROR(SUMIFS(Data!$F:$F,Data!$B:$B,"แฟชั่น 3",Data!$C:$C,"FS26-0021",Data!$A:$A,DATE(2026,5,23)),"") | Z9: =IFERROR(SUMIFS(Data!$F:$F,Data!$B:$B,"แฟชั่น 3",Data!$C:$C,"FS26-0021",Data!$A:$A,DATE(2026,5,24)),"") | AA9: =IFERROR(SUMIFS(Data!$F:$F,Data!$B:$B,"แฟชั่น 3",Data!$C:$C,"FS26-0021",Data!$A:$A,DATE(2026,5,25)),"") | AB9: =IFERROR(SUMIFS(Data!$F:$F,Data!$B:$B,"แฟชั่น 3",Data!$C:$C,"FS26-0021",Data!$A:$A,DATE(2026,5,26)),"") | AC9: =IFERROR(SUMIFS(Data!$F:$F,Data!$B:$B,"แฟชั่น 3",Data!$C:$C,"FS26-0021",Data!$A:$A,DATE(2026,5,27)),"") | AD9: =IFERROR(SUMIFS(Data!$F:$F,Data!$B:$B,"แฟชั่น 3",Data!$C:$C,"FS26-0021",Data!$A:$A,DATE(2026,5,28)),"") | AE9: =IFERROR(SUMIFS(Data!$F:$F,Data!$B:$B,"แฟชั่น 3",Data!$C:$C,"FS26-0021",Data!$A:$A,DATE(2026,5,29)),"") | AF9: =IFERROR(SUMIFS(Data!$F:$F,Data!$B:$B,"แฟชั่น 3",Data!$C:$C,"FS26-0021",Data!$A:$A,DATE(2026,5,30)),"") | AG9: =IFERROR(SUMIFS(Data!$F:$F,Data!$B:$B,"แฟชั่น 3",Data!$C:$C,"FS26-0021",Data!$A:$A,DATE(2026,5,31)),"") | AH9: =IFERROR(SUM(C9:AG9),0) | AI9: =AH9*60 | AJ9: =IFERROR(AI9/AI27,0)
A10: FS26-0022 | B10: ตับนุ่ม (จาน) | C10: =IFERROR(SUMIFS(Data!$F:$F,Data!$B:$B,"แฟชั่น 3",Data!$C:$C,"FS26-0022",Data!$A:$A,DATE(2026,5,1)),"") | D10: =IFERROR(SUMIFS(Data!$F:$F,Data!$B:$B,"แฟชั่น 3",Data!$C:$C,"FS26-0022",Data!$A:$A,DATE(2026,5,2)),"") | E10: =IFERROR(SUMIFS(Data!$F:$F,Data!$B:$B,"แฟชั่น 3",Data!$C:$C,"FS26-0022",Data!$A:$A,DATE(2026,5,3)),"") | F10: =IFERROR(SUMIFS(Data!$F:$F,Data!$B:$B,"แฟชั่น 3",Data!$C:$C,"FS26-0022",Data!$A:$A,DATE(2026,5,4)),"") | G10: =IFERROR(SUMIFS(Data!$F:$F,Data!$B:$B,"แฟชั่น 3",Data!$C:$C,"FS26-0022",Data!$A:$A,DATE(2026,5,5)),"") | H10: =IFERROR(SUMIFS(Data!$F:$F,Data!$B:$B,"แฟชั่น 3",Data!$C:$C,"FS26-0022",Data!$A:$A,DATE(2026,5,6)),"") | I10: =IFERROR(SUMIFS(Data!$F:$F,Data!$B:$B,"แฟชั่น 3",Data!$C:$C,"FS26-0022",Data!$A:$A,DATE(2026,5,7)),"") | J10: =IFERROR(SUMIFS(Data!$F:$F,Data!$B:$B,"แฟชั่น 3",Data!$C:$C,"FS26-0022",Data!$A:$A,DATE(2026,5,8)),"") | K10: =IFERROR(SUMIFS(Data!$F:$F,Data!$B:$B,"แฟชั่น 3",Data!$C:$C,"FS26-0022",Data!$A:$A,DATE(2026,5,9)),"") | L10: =IFERROR(SUMIFS(Data!$F:$F,Data!$B:$B,"แฟชั่น 3",Data!$C:$C,"FS26-0022",Data!$A:$A,DATE(2026,5,10)),"") | M10: =IFERROR(SUMIFS(Data!$F:$F,Data!$B:$B,"แฟชั่น 3",Data!$C:$C,"FS26-0022",Data!$A:$A,DATE(2026,5,11)),"") | N10: =IFERROR(SUMIFS(Data!$F:$F,Data!$B:$B,"แฟชั่น 3",Data!$C:$C,"FS26-0022",Data!$A:$A,DATE(2026,5,12)),"") | O10: =IFERROR(SUMIFS(Data!$F:$F,Data!$B:$B,"แฟชั่น 3",Data!$C:$C,"FS26-0022",Data!$A:$A,DATE(2026,5,13)),"") | P10: =IFERROR(SUMIFS(Data!$F:$F,Data!$B:$B,"แฟชั่น 3",Data!$C:$C,"FS26-0022",Data!$A:$A,DATE(2026,5,14)),"") | Q10: =IFERROR(SUMIFS(Data!$F:$F,Data!$B:$B,"แฟชั่น 3",Data!$C:$C,"FS26-0022",Data!$A:$A,DATE(2026,5,15)),"") | R10: =IFERROR(SUMIFS(Data!$F:$F,Data!$B:$B,"แฟชั่น 3",Data!$C:$C,"FS26-0022",Data!$A:$A,DATE(2026,5,16)),"") | S10: =IFERROR(SUMIFS(Data!$F:$F,Data!$B:$B,"แฟชั่น 3",Data!$C:$C,"FS26-0022",Data!$A:$A,DATE(2026,5,17)),"") | T10: =IFERROR(SUMIFS(Data!$F:$F,Data!$B:$B,"แฟชั่น 3",Data!$C:$C,"FS26-0022",Data!$A:$A,DATE(2026,5,18)),"") | U10: =IFERROR(SUMIFS(Data!$F:$F,Data!$B:$B,"แฟชั่น 3",Data!$C:$C,"FS26-0022",Data!$A:$A,DATE(2026,5,19)),"") | V10: =IFERROR(SUMIFS(Data!$F:$F,Data!$B:$B,"แฟชั่น 3",Data!$C:$C,"FS26-0022",Data!$A:$A,DATE(2026,5,20)),"") | W10: =IFERROR(SUMIFS(Data!$F:$F,Data!$B:$B,"แฟชั่น 3",Data!$C:$C,"FS26-0022",Data!$A:$A,DATE(2026,5,21)),"") | X10: =IFERROR(SUMIFS(Data!$F:$F,Data!$B:$B,"แฟชั่น 3",Data!$C:$C,"FS26-0022",Data!$A:$A,DATE(2026,5,22)),"") | Y10: =IFERROR(SUMIFS(Data!$F:$F,Data!$B:$B,"แฟชั่น 3",Data!$C:$C,"FS26-0022",Data!$A:$A,DATE(2026,5,23)),"") | Z10: =IFERROR(SUMIFS(Data!$F:$F,Data!$B:$B,"แฟชั่น 3",Data!$C:$C,"FS26-0022",Data!$A:$A,DATE(2026,5,24)),"") | AA10: =IFERROR(SUMIFS(Data!$F:$F,Data!$B:$B,"แฟชั่น 3",Data!$C:$C,"FS26-0022",Data!$A:$A,DATE(2026,5,25)),"") | AB10: =IFERROR(SUMIFS(Data!$F:$F,Data!$B:$B,"แฟชั่น 3",Data!$C:$C,"FS26-0022",Data!$A:$A,DATE(2026,5,26)),"") | AC10: =IFERROR(SUMIFS(Data!$F:$F,Data!$B:$B,"แฟชั่น 3",Data!$C:$C,"FS26-0022",Data!$A:$A,DATE(2026,5,27)),"") | AD10: =IFERROR(SUMIFS(Data!$F:$F,Data!$B:$B,"แฟชั่น 3",Data!$C:$C,"FS26-0022",Data!$A:$A,DATE(2026,5,28)),"") | AE10: =IFERROR(SUMIFS(Data!$F:$F,Data!$B:$B,"แฟชั่น 3",Data!$C:$C,"FS26-0022",Data!$A:$A,DATE(2026,5,29)),"") | AF10: =IFERROR(SUMIFS(Data!$F:$F,Data!$B:$B,"แฟชั่น 3",Data!$C:$C,"FS26-0022",Data!$A:$A,DATE(2026,5,30)),"") | AG10: =IFERROR(SUMIFS(Data!$F:$F,Data!$B:$B,"แฟชั่น 3",Data!$C:$C,"FS26-0022",Data!$A:$A,DATE(2026,5,31)),"") | AH10: =IFERROR(SUM(C10:AG10),0) | AI10: =AH10*60 | AJ10: =IFERROR(AI10/AI27,0)
A11: FS26-0023 | B11: ข้าวมันเปล่า | C11: =IFERROR(SUMIFS(Data!$F:$F,Data!$B:$B,"แฟชั่น 3",Data!$C:$C,"FS26-0023",Data!$A:$A,DATE(2026,5,1)),"") | D11: =IFERROR(SUMIFS(Data!$F:$F,Data!$B:$B,"แฟชั่น 3",Data!$C:$C,"FS26-0023",Data!$A:$A,DATE(2026,5,2)),"") | E11: =IFERROR(SUMIFS(Data!$F:$F,Data!$B:$B,"แฟชั่น 3",Data!$C:$C,"FS26-0023",Data!$A:$A,DATE(2026,5,3)),"") | F11: =IFERROR(SUMIFS(Data!$F:$F,Data!$B:$B,"แฟชั่น 3",Data!$C:$C,"FS26-0023",Data!$A:$A,DATE(2026,5,4)),"") | G11: =IFERROR(SUMIFS(Data!$F:$F,Data!$B:$B,"แฟชั่น 3",Data!$C:$C,"FS26-0023",Data!$A:$A,DATE(2026,5,5)),"") | H11: =IFERROR(SUMIFS(Data!$F:$F,Data!$B:$B,"แฟชั่น 3",Data!$C:$C,"FS26-0023",Data!$A:$A,DATE(2026,5,6)),"") | I11: =IFERROR(SUMIFS(Data!$F:$F,Data!$B:$B,"แฟชั่น 3",Data!$C:$C,"FS26-0023",Data!$A:$A,DATE(2026,5,7)),"") | J11: =IFERROR(SUMIFS(Data!$F:$F,Data!$B:$B,"แฟชั่น 3",Data!$C:$C,"FS26-0023",Data!$A:$A,DATE(2026,5,8)),"") | K11: =IFERROR(SUMIFS(Data!$F:$F,Data!$B:$B,"แฟชั่น 3",Data!$C:$C,"FS26-0023",Data!$A:$A,DATE(2026,5,9)),"") | L11: =IFERROR(SUMIFS(Data!$F:$F,Data!$B:$B,"แฟชั่น 3",Data!$C:$C,"FS26-0023",Data!$A:$A,DATE(2026,5,10)),"") | M11: =IFERROR(SUMIFS(Data!$F:$F,Data!$B:$B,"แฟชั่น 3",Data!$C:$C,"FS26-0023",Data!$A:$A,DATE(2026,5,11)),"") | N11: =IFERROR(SUMIFS(Data!$F:$F,Data!$B:$B,"แฟชั่น 3",Data!$C:$C,"FS26-0023",Data!$A:$A,DATE(2026,5,12)),"") | O11: =IFERROR(SUMIFS(Data!$F:$F,Data!$B:$B,"แฟชั่น 3",Data!$C:$C,"FS26-0023",Data!$A:$A,DATE(2026,5,13)),"") | P11: =IFERROR(SUMIFS(Data!$F:$F,Data!$B:$B,"แฟชั่น 3",Data!$C:$C,"FS26-0023",Data!$A:$A,DATE(2026,5,14)),"") | Q11: =IFERROR(SUMIFS(Data!$F:$F,Data!$B:$B,"แฟชั่น 3",Data!$C:$C,"FS26-0023",Data!$A:$A,DATE(2026,5,15)),"") | R11: =IFERROR(SUMIFS(Data!$F:$F,Data!$B:$B,"แฟชั่น 3",Data!$C:$C,"FS26-0023",Data!$A:$A,DATE(2026,5,16)),"") | S11: =IFERROR(SUMIFS(Data!$F:$F,Data!$B:$B,"แฟชั่น 3",Data!$C:$C,"FS26-0023",Data!$A:$A,DATE(2026,5,17)),"") | T11: =IFERROR(SUMIFS(Data!$F:$F,Data!$B:$B,"แฟชั่น 3",Data!$C:$C,"FS26-0023",Data!$A:$A,DATE(2026,5,18)),"") | U11: =IFERROR(SUMIFS(Data!$F:$F,Data!$B:$B,"แฟชั่น 3",Data!$C:$C,"FS26-0023",Data!$A:$A,DATE(2026,5,19)),"") | V11: =IFERROR(SUMIFS(Data!$F:$F,Data!$B:$B,"แฟชั่น 3",Data!$C:$C,"FS26-0023",Data!$A:$A,DATE(2026,5,20)),"") | W11: =IFERROR(SUMIFS(Data!$F:$F,Data!$B:$B,"แฟชั่น 3",Data!$C:$C,"FS26-0023",Data!$A:$A,DATE(2026,5,21)),"") | X11: =IFERROR(SUMIFS(Data!$F:$F,Data!$B:$B,"แฟชั่น 3",Data!$C:$C,"FS26-0023",Data!$A:$A,DATE(2026,5,22)),"") | Y11: =IFERROR(SUMIFS(Data!$F:$F,Data!$B:$B,"แฟชั่น 3",Data!$C:$C,"FS26-0023",Data!$A:$A,DATE(2026,5,23)),"") | Z11: =IFERROR(SUMIFS(Data!$F:$F,Data!$B:$B,"แฟชั่น 3",Data!$C:$C,"FS26-0023",Data!$A:$A,DATE(2026,5,24)),"") | AA11: =IFERROR(SUMIFS(Data!$F:$F,Data!$B:$B,"แฟชั่น 3",Data!$C:$C,"FS26-0023",Data!$A:$A,DATE(2026,5,25)),"") | AB11: =IFERROR(SUMIFS(Data!$F:$F,Data!$B:$B,"แฟชั่น 3",Data!$C:$C,"FS26-0023",Data!$A:$A,DATE(2026,5,26)),"") | AC11: =IFERROR(SUMIFS(Data!$F:$F,Data!$B:$B,"แฟชั่น 3",Data!$C:$C,"FS26-0023",Data!$A:$A,DATE(2026,5,27)),"") | AD11: =IFERROR(SUMIFS(Data!$F:$F,Data!$B:$B,"แฟชั่น 3",Data!$C:$C,"FS26-0023",Data!$A:$A,DATE(2026,5,28)),"") | AE11: =IFERROR(SUMIFS(Data!$F:$F,Data!$B:$B,"แฟชั่น 3",Data!$C:$C,"FS26-0023",Data!$A:$A,DATE(2026,5,29)),"") | AF11: =IFERROR(SUMIFS(Data!$F:$F,Data!$B:$B,"แฟชั่น 3",Data!$C:$C,"FS26-0023",Data!$A:$A,DATE(2026,5,30)),"") | AG11: =IFERROR(SUMIFS(Data!$F:$F,Data!$B:$B,"แฟชั่น 3",Data!$C:$C,"FS26-0023",Data!$A:$A,DATE(2026,5,31)),"") | AH11: =IFERROR(SUM(C11:AG11),0) | AI11: =AH11*15 | AJ11: =IFERROR(AI11/AI27,0)
A12: FS26-0024 | B12: ไข่ยางมะตูม | C12: =IFERROR(SUMIFS(Data!$F:$F,Data!$B:$B,"แฟชั่น 3",Data!$C:$C,"FS26-0024",Data!$A:$A,DATE(2026,5,1)),"") | D12: =IFERROR(SUMIFS(Data!$F:$F,Data!$B:$B,"แฟชั่น 3",Data!$C:$C,"FS26-0024",Data!$A:$A,DATE(2026,5,2)),"") | E12: =IFERROR(SUMIFS(Data!$F:$F,Data!$B:$B,"แฟชั่น 3",Data!$C:$C,"FS26-0024",Data!$A:$A,DATE(2026,5,3)),"") | F12: =IFERROR(SUMIFS(Data!$F:$F,Data!$B:$B,"แฟชั่น 3",Data!$C:$C,"FS26-0024",Data!$A:$A,DATE(2026,5,4)),"") | G12: =IFERROR(SUMIFS(Data!$F:$F,Data!$B:$B,"แฟชั่น 3",Data!$C:$C,"FS26-0024",Data!$A:$A,DATE(2026,5,5)),"") | H12: =IFERROR(SUMIFS(Data!$F:$F,Data!$B:$B,"แฟชั่น 3",Data!$C:$C,"FS26-0024",Data!$A:$A,DATE(2026,5,6)),"") | I12: =IFERROR(SUMIFS(Data!$F:$F,Data!$B:$B,"แฟชั่น 3",Data!$C:$C,"FS26-0024",Data!$A:$A,DATE(2026,5,7)),"") | J12: =IFERROR(SUMIFS(Data!$F:$F,Data!$B:$B,"แฟชั่น 3",Data!$C:$C,"FS26-0024",Data!$A:$A,DATE(2026,5,8)),"") | K12: =IFERROR(SUMIFS(Data!$F:$F,Data!$B:$B,"แฟชั่น 3",Data!$C:$C,"FS26-0024",Data!$A:$A,DATE(2026,5,9)),"") | L12: =IFERROR(SUMIFS(Data!$F:$F,Data!$B:$B,"แฟชั่น 3",Data!$C:$C,"FS26-0024",Data!$A:$A,DATE(2026,5,10)),"") | M12: =IFERROR(SUMIFS(Data!$F:$F,Data!$B:$B,"แฟชั่น 3",Data!$C:$C,"FS26-0024",Data!$A:$A,DATE(2026,5,11)),"") | N12: =IFERROR(SUMIFS(Data!$F:$F,Data!$B:$B,"แฟชั่น 3",Data!$C:$C,"FS26-0024",Data!$A:$A,DATE(2026,5,12)),"") | O12: =IFERROR(SUMIFS(Data!$F:$F,Data!$B:$B,"แฟชั่น 3",Data!$C:$C,"FS26-0024",Data!$A:$A,DATE(2026,5,13)),"") | P12: =IFERROR(SUMIFS(Data!$F:$F,Data!$B:$B,"แฟชั่น 3",Data!$C:$C,"FS26-0024",Data!$A:$A,DATE(2026,5,14)),"") | Q12: =IFERROR(SUMIFS(Data!$F:$F,Data!$B:$B,"แฟชั่น 3",Data!$C:$C,"FS26-0024",Data!$A:$A,DATE(2026,5,15)),"") | R12: =IFERROR(SUMIFS(Data!$F:$F,Data!$B:$B,"แฟชั่น 3",Data!$C:$C,"FS26-0024",Data!$A:$A,DATE(2026,5,16)),"") | S12: =IFERROR(SUMIFS(Data!$F:$F,Data!$B:$B,"แฟชั่น 3",Data!$C:$C,"FS26-0024",Data!$A:$A,DATE(2026,5,17)),"") | T12: =IFERROR(SUMIFS(Data!$F:$F,Data!$B:$B,"แฟชั่น 3",Data!$C:$C,"FS26-0024",Data!$A:$A,DATE(2026,5,18)),"") | U12: =IFERROR(SUMIFS(Data!$F:$F,Data!$B:$B,"แฟชั่น 3",Data!$C:$C,"FS26-0024",Data!$A:$A,DATE(2026,5,19)),"") | V12: =IFERROR(SUMIFS(Data!$F:$F,Data!$B:$B,"แฟชั่น 3",Data!$C:$C,"FS26-0024",Data!$A:$A,DATE(2026,5,20)),"") | W12: =IFERROR(SUMIFS(Data!$F:$F,Data!$B:$B,"แฟชั่น 3",Data!$C:$C,"FS26-0024",Data!$A:$A,DATE(2026,5,21)),"") | X12: =IFERROR(SUMIFS(Data!$F:$F,Data!$B:$B,"แฟชั่น 3",Data!$C:$C,"FS26-0024",Data!$A:$A,DATE(2026,5,22)),"") | Y12: =IFERROR(SUMIFS(Data!$F:$F,Data!$B:$B,"แฟชั่น 3",Data!$C:$C,"FS26-0024",Data!$A:$A,DATE(2026,5,23)),"") | Z12: =IFERROR(SUMIFS(Data!$F:$F,Data!$B:$B,"แฟชั่น 3",Data!$C:$C,"FS26-0024",Data!$A:$A,DATE(2026,5,24)),"") | AA12: =IFERROR(SUMIFS(Data!$F:$F,Data!$B:$B,"แฟชั่น 3",Data!$C:$C,"FS26-0024",Data!$A:$A,DATE(2026,5,25)),"") | AB12: =IFERROR(SUMIFS(Data!$F:$F,Data!$B:$B,"แฟชั่น 3",Data!$C:$C,"FS26-0024",Data!$A:$A,DATE(2026,5,26)),"") | AC12: =IFERROR(SUMIFS(Data!$F:$F,Data!$B:$B,"แฟชั่น 3",Data!$C:$C,"FS26-0024",Data!$A:$A,DATE(2026,5,27)),"") | AD12: =IFERROR(SUMIFS(Data!$F:$F,Data!$B:$B,"แฟชั่น 3",Data!$C:$C,"FS26-0024",Data!$A:$A,DATE(2026,5,28)),"") | AE12: =IFERROR(SUMIFS(Data!$F:$F,Data!$B:$B,"แฟชั่น 3",Data!$C:$C,"FS26-0024",Data!$A:$A,DATE(2026,5,29)),"") | AF12: =IFERROR(SUMIFS(Data!$F:$F,Data!$B:$B,"แฟชั่น 3",Data!$C:$C,"FS26-0024",Data!$A:$A,DATE(2026,5,30)),"") | AG12: =IFERROR(SUMIFS(Data!$F:$F,Data!$B:$B,"แฟชั่น 3",Data!$C:$C,"FS26-0024",Data!$A:$A,DATE(2026,5,31)),"") | AH12: =IFERROR(SUM(C12:AG12),0) | AI12: =AH12*10 | AJ12: =IFERROR(AI12/AI27,0)
A13: FS26-0025 | B13: พิเศษ B | C13: =IFERROR(SUMIFS(Data!$F:$F,Data!$B:$B,"แฟชั่น 3",Data!$C:$C,"FS26-0025",Data!$A:$A,DATE(2026,5,1)),"") | D13: =IFERROR(SUMIFS(Data!$F:$F,Data!$B:$B,"แฟชั่น 3",Data!$C:$C,"FS26-0025",Data!$A:$A,DATE(2026,5,2)),"") | E13: =IFERROR(SUMIFS(Data!$F:$F,Data!$B:$B,"แฟชั่น 3",Data!$C:$C,"FS26-0025",Data!$A:$A,DATE(2026,5,3)),"") | F13: =IFERROR(SUMIFS(Data!$F:$F,Data!$B:$B,"แฟชั่น 3",Data!$C:$C,"FS26-0025",Data!$A:$A,DATE(2026,5,4)),"") | G13: =IFERROR(SUMIFS(Data!$F:$F,Data!$B:$B,"แฟชั่น 3",Data!$C:$C,"FS26-0025",Data!$A:$A,DATE(2026,5,5)),"") | H13: =IFERROR(SUMIFS(Data!$F:$F,Data!$B:$B,"แฟชั่น 3",Data!$C:$C,"FS26-0025",Data!$A:$A,DATE(2026,5,6)),"") | I13: =IFERROR(SUMIFS(Data!$F:$F,Data!$B:$B,"แฟชั่น 3",Data!$C:$C,"FS26-0025",Data!$A:$A,DATE(2026,5,7)),"") | J13: =IFERROR(SUMIFS(Data!$F:$F,Data!$B:$B,"แฟชั่น 3",Data!$C:$C,"FS26-0025",Data!$A:$A,DATE(2026,5,8)),"") | K13: =IFERROR(SUMIFS(Data!$F:$F,Data!$B:$B,"แฟชั่น 3",Data!$C:$C,"FS26-0025",Data!$A:$A,DATE(2026,5,9)),"") | L13: =IFERROR(SUMIFS(Data!$F:$F,Data!$B:$B,"แฟชั่น 3",Data!$C:$C,"FS26-0025",Data!$A:$A,DATE(2026,5,10)),"") | M13: =IFERROR(SUMIFS(Data!$F:$F,Data!$B:$B,"แฟชั่น 3",Data!$C:$C,"FS26-0025",Data!$A:$A,DATE(2026,5,11)),"") | N13: =IFERROR(SUMIFS(Data!$F:$F,Data!$B:$B,"แฟชั่น 3",Data!$C:$C,"FS26-0025",Data!$A:$A,DATE(2026,5,12)),"") | O13: =IFERROR(SUMIFS(Data!$F:$F,Data!$B:$B,"แฟชั่น 3",Data!$C:$C,"FS26-0025",Data!$A:$A,DATE(2026,5,13)),"") | P13: =IFERROR(SUMIFS(Data!$F:$F,Data!$B:$B,"แฟชั่น 3",Data!$C:$C,"FS26-0025",Data!$A:$A,DATE(2026,5,14)),"") | Q13: =IFERROR(SUMIFS(Data!$F:$F,Data!$B:$B,"แฟชั่น 3",Data!$C:$C,"FS26-0025",Data!$A:$A,DATE(2026,5,15)),"") | R13: =IFERROR(SUMIFS(Data!$F:$F,Data!$B:$B,"แฟชั่น 3",Data!$C:$C,"FS26-0025",Data!$A:$A,DATE(2026,5,16)),"") | S13: =IFERROR(SUMIFS(Data!$F:$F,Data!$B:$B,"แฟชั่น 3",Data!$C:$C,"FS26-0025",Data!$A:$A,DATE(2026,5,17)),"") | T13: =IFERROR(SUMIFS(Data!$F:$F,Data!$B:$B,"แฟชั่น 3",Data!$C:$C,"FS26-0025",Data!$A:$A,DATE(2026,5,18)),"") | U13: =IFERROR(SUMIFS(Data!$F:$F,Data!$B:$B,"แฟชั่น 3",Data!$C:$C,"FS26-0025",Data!$A:$A,DATE(2026,5,19)),"") | V13: =IFERROR(SUMIFS(Data!$F:$F,Data!$B:$B,"แฟชั่น 3",Data!$C:$C,"FS26-0025",Data!$A:$A,DATE(2026,5,20)),"") | W13: =IFERROR(SUMIFS(Data!$F:$F,Data!$B:$B,"แฟชั่น 3",Data!$C:$C,"FS26-0025",Data!$A:$A,DATE(2026,5,21)),"") | X13: =IFERROR(SUMIFS(Data!$F:$F,Data!$B:$B,"แฟชั่น 3",Data!$C:$C,"FS26-0025",Data!$A:$A,DATE(2026,5,22)),"") | Y13: =IFERROR(SUMIFS(Data!$F:$F,Data!$B:$B,"แฟชั่น 3",Data!$C:$C,"FS26-0025",Data!$A:$A,DATE(2026,5,23)),"") | Z13: =IFERROR(SUMIFS(Data!$F:$F,Data!$B:$B,"แฟชั่น 3",Data!$C:$C,"FS26-0025",Data!$A:$A,DATE(2026,5,24)),"") | AA13: =IFERROR(SUMIFS(Data!$F:$F,Data!$B:$B,"แฟชั่น 3",Data!$C:$C,"FS26-0025",Data!$A:$A,DATE(2026,5,25)),"") | AB13: =IFERROR(SUMIFS(Data!$F:$F,Data!$B:$B,"แฟชั่น 3",Data!$C:$C,"FS26-0025",Data!$A:$A,DATE(2026,5,26)),"") | AC13: =IFERROR(SUMIFS(Data!$F:$F,Data!$B:$B,"แฟชั่น 3",Data!$C:$C,"FS26-0025",Data!$A:$A,DATE(2026,5,27)),"") | AD13: =IFERROR(SUMIFS(Data!$F:$F,Data!$B:$B,"แฟชั่น 3",Data!$C:$C,"FS26-0025",Data!$A:$A,DATE(2026,5,28)),"") | AE13: =IFERROR(SUMIFS(Data!$F:$F,Data!$B:$B,"แฟชั่น 3",Data!$C:$C,"FS26-0025",Data!$A:$A,DATE(2026,5,29)),"") | AF13: =IFERROR(SUMIFS(Data!$F:$F,Data!$B:$B,"แฟชั่น 3",Data!$C:$C,"FS26-0025",Data!$A:$A,DATE(2026,5,30)),"") | AG13: =IFERROR(SUMIFS(Data!$F:$F,Data!$B:$B,"แฟชั่น 3",Data!$C:$C,"FS26-0025",Data!$A:$A,DATE(2026,5,31)),"") | AH13: =IFERROR(SUM(C13:AG13),0) | AI13: =AH13*15 | AJ13: =IFERROR(AI13/AI27,0)
A14: FS26-0026 | B14: ข้าวมันไก่ต้ม | C14: =IFERROR(SUMIFS(Data!$F:$F,Data!$B:$B,"แฟชั่น 3",Data!$C:$C,"FS26-0026",Data!$A:$A,DATE(2026,5,1)),"") | D14: =IFERROR(SUMIFS(Data!$F:$F,Data!$B:$B,"แฟชั่น 3",Data!$C:$C,"FS26-0026",Data!$A:$A,DATE(2026,5,2)),"") | E14: =IFERROR(SUMIFS(Data!$F:$F,Data!$B:$B,"แฟชั่น 3",Data!$C:$C,"FS26-0026",Data!$A:$A,DATE(2026,5,3)),"") | F14: =IFERROR(SUMIFS(Data!$F:$F,Data!$B:$B,"แฟชั่น 3",Data!$C:$C,"FS26-0026",Data!$A:$A,DATE(2026,5,4)),"") | G14: =IFERROR(SUMIFS(Data!$F:$F,Data!$B:$B,"แฟชั่น 3",Data!$C:$C,"FS26-0026",Data!$A:$A,DATE(2026,5,5)),"") | H14: =IFERROR(SUMIFS(Data!$F:$F,Data!$B:$B,"แฟชั่น 3",Data!$C:$C,"FS26-0026",Data!$A:$A,DATE(2026,5,6)),"") | I14: =IFERROR(SUMIFS(Data!$F:$F,Data!$B:$B,"แฟชั่น 3",Data!$C:$C,"FS26-0026",Data!$A:$A,DATE(2026,5,7)),"") | J14: =IFERROR(SUMIFS(Data!$F:$F,Data!$B:$B,"แฟชั่น 3",Data!$C:$C,"FS26-0026",Data!$A:$A,DATE(2026,5,8)),"") | K14: =IFERROR(SUMIFS(Data!$F:$F,Data!$B:$B,"แฟชั่น 3",Data!$C:$C,"FS26-0026",Data!$A:$A,DATE(2026,5,9)),"") | L14: =IFERROR(SUMIFS(Data!$F:$F,Data!$B:$B,"แฟชั่น 3",Data!$C:$C,"FS26-0026",Data!$A:$A,DATE(2026,5,10)),"") | M14: =IFERROR(SUMIFS(Data!$F:$F,Data!$B:$B,"แฟชั่น 3",Data!$C:$C,"FS26-0026",Data!$A:$A,DATE(2026,5,11)),"") | N14: =IFERROR(SUMIFS(Data!$F:$F,Data!$B:$B,"แฟชั่น 3",Data!$C:$C,"FS26-0026",Data!$A:$A,DATE(2026,5,12)),"") | O14: =IFERROR(SUMIFS(Data!$F:$F,Data!$B:$B,"แฟชั่น 3",Data!$C:$C,"FS26-0026",Data!$A:$A,DATE(2026,5,13)),"") | P14: =IFERROR(SUMIFS(Data!$F:$F,Data!$B:$B,"แฟชั่น 3",Data!$C:$C,"FS26-0026",Data!$A:$A,DATE(2026,5,14)),"") | Q14: =IFERROR(SUMIFS(Data!$F:$F,Data!$B:$B,"แฟชั่น 3",Data!$C:$C,"FS26-0026",Data!$A:$A,DATE(2026,5,15)),"") | R14: =IFERROR(SUMIFS(Data!$F:$F,Data!$B:$B,"แฟชั่น 3",Data!$C:$C,"FS26-0026",Data!$A:$A,DATE(2026,5,16)),"") | S14: =IFERROR(SUMIFS(Data!$F:$F,Data!$B:$B,"แฟชั่น 3",Data!$C:$C,"FS26-0026",Data!$A:$A,DATE(2026,5,17)),"") | T14: =IFERROR(SUMIFS(Data!$F:$F,Data!$B:$B,"แฟชั่น 3",Data!$C:$C,"FS26-0026",Data!$A:$A,DATE(2026,5,18)),"") | U14: =IFERROR(SUMIFS(Data!$F:$F,Data!$B:$B,"แฟชั่น 3",Data!$C:$C,"FS26-0026",Data!$A:$A,DATE(2026,5,19)),"") | V14: =IFERROR(SUMIFS(Data!$F:$F,Data!$B:$B,"แฟชั่น 3",Data!$C:$C,"FS26-0026",Data!$A:$A,DATE(2026,5,20)),"") | W14: =IFERROR(SUMIFS(Data!$F:$F,Data!$B:$B,"แฟชั่น 3",Data!$C:$C,"FS26-0026",Data!$A:$A,DATE(2026,5,21)),"") | X14: =IFERROR(SUMIFS(Data!$F:$F,Data!$B:$B,"แฟชั่น 3",Data!$C:$C,"FS26-0026",Data!$A:$A,DATE(2026,5,22)),"") | Y14: =IFERROR(SUMIFS(Data!$F:$F,Data!$B:$B,"แฟชั่น 3",Data!$C:$C,"FS26-0026",Data!$A:$A,DATE(2026,5,23)),"") | Z14: =IFERROR(SUMIFS(Data!$F:$F,Data!$B:$B,"แฟชั่น 3",Data!$C:$C,"FS26-0026",Data!$A:$A,DATE(2026,5,24)),"") | AA14: =IFERROR(SUMIFS(Data!$F:$F,Data!$B:$B,"แฟชั่น 3",Data!$C:$C,"FS26-0026",Data!$A:$A,DATE(2026,5,25)),"") | AB14: =IFERROR(SUMIFS(Data!$F:$F,Data!$B:$B,"แฟชั่น 3",Data!$C:$C,"FS26-0026",Data!$A:$A,DATE(2026,5,26)),"") | AC14: =IFERROR(SUMIFS(Data!$F:$F,Data!$B:$B,"แฟชั่น 3",Data!$C:$C,"FS26-0026",Data!$A:$A,DATE(2026,5,27)),"") | AD14: =IFERROR(SUMIFS(Data!$F:$F,Data!$B:$B,"แฟชั่น 3",Data!$C:$C,"FS26-0026",Data!$A:$A,DATE(2026,5,28)),"") | AE14: =IFERROR(SUMIFS(Data!$F:$F,Data!$B:$B,"แฟชั่น 3",Data!$C:$C,"FS26-0026",Data!$A:$A,DATE(2026,5,29)),"") | AF14: =IFERROR(SUMIFS(Data!$F:$F,Data!$B:$B,"แฟชั่น 3",Data!$C:$C,"FS26-0026",Data!$A:$A,DATE(2026,5,30)),"") | AG14: =IFERROR(SUMIFS(Data!$F:$F,Data!$B:$B,"แฟชั่น 3",Data!$C:$C,"FS26-0026",Data!$A:$A,DATE(2026,5,31)),"") | AH14: =IFERROR(SUM(C14:AG14),0) | AI14: =AH14*60 | AJ14: =IFERROR(AI14/AI27,0)
A15: FS26-0027 | B15: ข้าวมันไก่ต้ม พิเศษ | C15: =IFERROR(SUMIFS(Data!$F:$F,Data!$B:$B,"แฟชั่น 3",Data!$C:$C,"FS26-0027",Data!$A:$A,DATE(2026,5,1)),"") | D15: =IFERROR(SUMIFS(Data!$F:$F,Data!$B:$B,"แฟชั่น 3",Data!$C:$C,"FS26-0027",Data!$A:$A,DATE(2026,5,2)),"") | E15: =IFERROR(SUMIFS(Data!$F:$F,Data!$B:$B,"แฟชั่น 3",Data!$C:$C,"FS26-0027",Data!$A:$A,DATE(2026,5,3)),"") | F15: =IFERROR(SUMIFS(Data!$F:$F,Data!$B:$B,"แฟชั่น 3",Data!$C:$C,"FS26-0027",Data!$A:$A,DATE(2026,5,4)),"") | G15: =IFERROR(SUMIFS(Data!$F:$F,Data!$B:$B,"แฟชั่น 3",Data!$C:$C,"FS26-0027",Data!$A:$A,DATE(2026,5,5)),"") | H15: =IFERROR(SUMIFS(Data!$F:$F,Data!$B:$B,"แฟชั่น 3",Data!$C:$C,"FS26-0027",Data!$A:$A,DATE(2026,5,6)),"") | I15: =IFERROR(SUMIFS(Data!$F:$F,Data!$B:$B,"แฟชั่น 3",Data!$C:$C,"FS26-0027",Data!$A:$A,DATE(2026,5,7)),"") | J15: =IFERROR(SUMIFS(Data!$F:$F,Data!$B:$B,"แฟชั่น 3",Data!$C:$C,"FS26-0027",Data!$A:$A,DATE(2026,5,8)),"") | K15: =IFERROR(SUMIFS(Data!$F:$F,Data!$B:$B,"แฟชั่น 3",Data!$C:$C,"FS26-0027",Data!$A:$A,DATE(2026,5,9)),"") | L15: =IFERROR(SUMIFS(Data!$F:$F,Data!$B:$B,"แฟชั่น 3",Data!$C:$C,"FS26-0027",Data!$A:$A,DATE(2026,5,10)),"") | M15: =IFERROR(SUMIFS(Data!$F:$F,Data!$B:$B,"แฟชั่น 3",Data!$C:$C,"FS26-0027",Data!$A:$A,DATE(2026,5,11)),"") | N15: =IFERROR(SUMIFS(Data!$F:$F,Data!$B:$B,"แฟชั่น 3",Data!$C:$C,"FS26-0027",Data!$A:$A,DATE(2026,5,12)),"") | O15: =IFERROR(SUMIFS(Data!$F:$F,Data!$B:$B,"แฟชั่น 3",Data!$C:$C,"FS26-0027",Data!$A:$A,DATE(2026,5,13)),"") | P15: =IFERROR(SUMIFS(Data!$F:$F,Data!$B:$B,"แฟชั่น 3",Data!$C:$C,"FS26-0027",Data!$A:$A,DATE(2026,5,14)),"") | Q15: =IFERROR(SUMIFS(Data!$F:$F,Data!$B:$B,"แฟชั่น 3",Data!$C:$C,"FS26-0027",Data!$A:$A,DATE(2026,5,15)),"") | R15: =IFERROR(SUMIFS(Data!$F:$F,Data!$B:$B,"แฟชั่น 3",Data!$C:$C,"FS26-0027",Data!$A:$A,DATE(2026,5,16)),"") | S15: =IFERROR(SUMIFS(Data!$F:$F,Data!$B:$B,"แฟชั่น 3",Data!$C:$C,"FS26-0027",Data!$A:$A,DATE(2026,5,17)),"") | T15: =IFERROR(SUMIFS(Data!$F:$F,Data!$B:$B,"แฟชั่น 3",Data!$C:$C,"FS26-0027",Data!$A:$A,DATE(2026,5,18)),"") | U15: =IFERROR(SUMIFS(Data!$F:$F,Data!$B:$B,"แฟชั่น 3",Data!$C:$C,"FS26-0027",Data!$A:$A,DATE(2026,5,19)),"") | V15: =IFERROR(SUMIFS(Data!$F:$F,Data!$B:$B,"แฟชั่น 3",Data!$C:$C,"FS26-0027",Data!$A:$A,DATE(2026,5,20)),"") | W15: =IFERROR(SUMIFS(Data!$F:$F,Data!$B:$B,"แฟชั่น 3",Data!$C:$C,"FS26-0027",Data!$A:$A,DATE(2026,5,21)),"") | X15: =IFERROR(SUMIFS(Data!$F:$F,Data!$B:$B,"แฟชั่น 3",Data!$C:$C,"FS26-0027",Data!$A:$A,DATE(2026,5,22)),"") | Y15: =IFERROR(SUMIFS(Data!$F:$F,Data!$B:$B,"แฟชั่น 3",Data!$C:$C,"FS26-0027",Data!$A:$A,DATE(2026,5,23)),"") | Z15: =IFERROR(SUMIFS(Data!$F:$F,Data!$B:$B,"แฟชั่น 3",Data!$C:$C,"FS26-0027",Data!$A:$A,DATE(2026,5,24)),"") | AA15: =IFERROR(SUMIFS(Data!$F:$F,Data!$B:$B,"แฟชั่น 3",Data!$C:$C,"FS26-0027",Data!$A:$A,DATE(2026,5,25)),"") | AB15: =IFERROR(SUMIFS(Data!$F:$F,Data!$B:$B,"แฟชั่น 3",Data!$C:$C,"FS26-0027",Data!$A:$A,DATE(2026,5,26)),"") | AC15: =IFERROR(SUMIFS(Data!$F:$F,Data!$B:$B,"แฟชั่น 3",Data!$C:$C,"FS26-0027",Data!$A:$A,DATE(2026,5,27)),"") | AD15: =IFERROR(SUMIFS(Data!$F:$F,Data!$B:$B,"แฟชั่น 3",Data!$C:$C,"FS26-0027",Data!$A:$A,DATE(2026,5,28)),"") | AE15: =IFERROR(SUMIFS(Data!$F:$F,Data!$B:$B,"แฟชั่น 3",Data!$C:$C,"FS26-0027",Data!$A:$A,DATE(2026,5,29)),"") | AF15: =IFERROR(SUMIFS(Data!$F:$F,Data!$B:$B,"แฟชั่น 3",Data!$C:$C,"FS26-0027",Data!$A:$A,DATE(2026,5,30)),"") | AG15: =IFERROR(SUMIFS(Data!$F:$F,Data!$B:$B,"แฟชั่น 3",Data!$C:$C,"FS26-0027",Data!$A:$A,DATE(2026,5,31)),"") | AH15: =IFERROR(SUM(C15:AG15),0) | AI15: =AH15*70 | AJ15: =IFERROR(AI15/AI27,0)
A16: FS26-0028 | B16: ข้าวมันไก่ผสม | C16: =IFERROR(SUMIFS(Data!$F:$F,Data!$B:$B,"แฟชั่น 3",Data!$C:$C,"FS26-0028",Data!$A:$A,DATE(2026,5,1)),"") | D16: =IFERROR(SUMIFS(Data!$F:$F,Data!$B:$B,"แฟชั่น 3",Data!$C:$C,"FS26-0028",Data!$A:$A,DATE(2026,5,2)),"") | E16: =IFERROR(SUMIFS(Data!$F:$F,Data!$B:$B,"แฟชั่น 3",Data!$C:$C,"FS26-0028",Data!$A:$A,DATE(2026,5,3)),"") | F16: =IFERROR(SUMIFS(Data!$F:$F,Data!$B:$B,"แฟชั่น 3",Data!$C:$C,"FS26-0028",Data!$A:$A,DATE(2026,5,4)),"") | G16: =IFERROR(SUMIFS(Data!$F:$F,Data!$B:$B,"แฟชั่น 3",Data!$C:$C,"FS26-0028",Data!$A:$A,DATE(2026,5,5)),"") | H16: =IFERROR(SUMIFS(Data!$F:$F,Data!$B:$B,"แฟชั่น 3",Data!$C:$C,"FS26-0028",Data!$A:$A,DATE(2026,5,6)),"") | I16: =IFERROR(SUMIFS(Data!$F:$F,Data!$B:$B,"แฟชั่น 3",Data!$C:$C,"FS26-0028",Data!$A:$A,DATE(2026,5,7)),"") | J16: =IFERROR(SUMIFS(Data!$F:$F,Data!$B:$B,"แฟชั่น 3",Data!$C:$C,"FS26-0028",Data!$A:$A,DATE(2026,5,8)),"") | K16: =IFERROR(SUMIFS(Data!$F:$F,Data!$B:$B,"แฟชั่น 3",Data!$C:$C,"FS26-0028",Data!$A:$A,DATE(2026,5,9)),"") | L16: =IFERROR(SUMIFS(Data!$F:$F,Data!$B:$B,"แฟชั่น 3",Data!$C:$C,"FS26-0028",Data!$A:$A,DATE(2026,5,10)),"") | M16: =IFERROR(SUMIFS(Data!$F:$F,Data!$B:$B,"แฟชั่น 3",Data!$C:$C,"FS26-0028",Data!$A:$A,DATE(2026,5,11)),"") | N16: =IFERROR(SUMIFS(Data!$F:$F,Data!$B:$B,"แฟชั่น 3",Data!$C:$C,"FS26-0028",Data!$A:$A,DATE(2026,5,12)),"") | O16: =IFERROR(SUMIFS(Data!$F:$F,Data!$B:$B,"แฟชั่น 3",Data!$C:$C,"FS26-0028",Data!$A:$A,DATE(2026,5,13)),"") | P16: =IFERROR(SUMIFS(Data!$F:$F,Data!$B:$B,"แฟชั่น 3",Data!$C:$C,"FS26-0028",Data!$A:$A,DATE(2026,5,14)),"") | Q16: =IFERROR(SUMIFS(Data!$F:$F,Data!$B:$B,"แฟชั่น 3",Data!$C:$C,"FS26-0028",Data!$A:$A,DATE(2026,5,15)),"") | R16: =IFERROR(SUMIFS(Data!$F:$F,Data!$B:$B,"แฟชั่น 3",Data!$C:$C,"FS26-0028",Data!$A:$A,DATE(2026,5,16)),"") | S16: =IFERROR(SUMIFS(Data!$F:$F,Data!$B:$B,"แฟชั่น 3",Data!$C:$C,"FS26-0028",Data!$A:$A,DATE(2026,5,17)),"") | T16: =IFERROR(SUMIFS(Data!$F:$F,Data!$B:$B,"แฟชั่น 3",Data!$C:$C,"FS26-0028",Data!$A:$A,DATE(2026,5,18)),"") | U16: =IFERROR(SUMIFS(Data!$F:$F,Data!$B:$B,"แฟชั่น 3",Data!$C:$C,"FS26-0028",Data!$A:$A,DATE(2026,5,19)),"") | V16: =IFERROR(SUMIFS(Data!$F:$F,Data!$B:$B,"แฟชั่น 3",Data!$C:$C,"FS26-0028",Data!$A:$A,DATE(2026,5,20)),"") | W16: =IFERROR(SUMIFS(Data!$F:$F,Data!$B:$B,"แฟชั่น 3",Data!$C:$C,"FS26-0028",Data!$A:$A,DATE(2026,5,21)),"") | X16: =IFERROR(SUMIFS(Data!$F:$F,Data!$B:$B,"แฟชั่น 3",Data!$C:$C,"FS26-0028",Data!$A:$A,DATE(2026,5,22)),"") | Y16: =IFERROR(SUMIFS(Data!$F:$F,Data!$B:$B,"แฟชั่น 3",Data!$C:$C,"FS26-0028",Data!$A:$A,DATE(2026,5,23)),"") | Z16: =IFERROR(SUMIFS(Data!$F:$F,Data!$B:$B,"แฟชั่น 3",Data!$C:$C,"FS26-0028",Data!$A:$A,DATE(2026,5,24)),"") | AA16: =IFERROR(SUMIFS(Data!$F:$F,Data!$B:$B,"แฟชั่น 3",Data!$C:$C,"FS26-0028",Data!$A:$A,DATE(2026,5,25)),"") | AB16: =IFERROR(SUMIFS(Data!$F:$F,Data!$B:$B,"แฟชั่น 3",Data!$C:$C,"FS26-0028",Data!$A:$A,DATE(2026,5,26)),"") | AC16: =IFERROR(SUMIFS(Data!$F:$F,Data!$B:$B,"แฟชั่น 3",Data!$C:$C,"FS26-0028",Data!$A:$A,DATE(2026,5,27)),"") | AD16: =IFERROR(SUMIFS(Data!$F:$F,Data!$B:$B,"แฟชั่น 3",Data!$C:$C,"FS26-0028",Data!$A:$A,DATE(2026,5,28)),"") | AE16: =IFERROR(SUMIFS(Data!$F:$F,Data!$B:$B,"แฟชั่น 3",Data!$C:$C,"FS26-0028",Data!$A:$A,DATE(2026,5,29)),"") | AF16: =IFERROR(SUMIFS(Data!$F:$F,Data!$B:$B,"แฟชั่น 3",Data!$C:$C,"FS26-0028",Data!$A:$A,DATE(2026,5,30)),"") | AG16: =IFERROR(SUMIFS(Data!$F:$F,Data!$B:$B,"แฟชั่น 3",Data!$C:$C,"FS26-0028",Data!$A:$A,DATE(2026,5,31)),"") | AH16: =IFERROR(SUM(C16:AG16),0) | AI16: =AH16*70 | AJ16: =IFERROR(AI16/AI27,0)
A17: FS26-0029 | B17: ข้าวยำไก่แซ่บ | C17: =IFERROR(SUMIFS(Data!$F:$F,Data!$B:$B,"แฟชั่น 3",Data!$C:$C,"FS26-0029",Data!$A:$A,DATE(2026,5,1)),"") | D17: =IFERROR(SUMIFS(Data!$F:$F,Data!$B:$B,"แฟชั่น 3",Data!$C:$C,"FS26-0029",Data!$A:$A,DATE(2026,5,2)),"") | E17: =IFERROR(SUMIFS(Data!$F:$F,Data!$B:$B,"แฟชั่น 3",Data!$C:$C,"FS26-0029",Data!$A:$A,DATE(2026,5,3)),"") | F17: =IFERROR(SUMIFS(Data!$F:$F,Data!$B:$B,"แฟชั่น 3",Data!$C:$C,"FS26-0029",Data!$A:$A,DATE(2026,5,4)),"") | G17: =IFERROR(SUMIFS(Data!$F:$F,Data!$B:$B,"แฟชั่น 3",Data!$C:$C,"FS26-0029",Data!$A:$A,DATE(2026,5,5)),"") | H17: =IFERROR(SUMIFS(Data!$F:$F,Data!$B:$B,"แฟชั่น 3",Data!$C:$C,"FS26-0029",Data!$A:$A,DATE(2026,5,6)),"") | I17: =IFERROR(SUMIFS(Data!$F:$F,Data!$B:$B,"แฟชั่น 3",Data!$C:$C,"FS26-0029",Data!$A:$A,DATE(2026,5,7)),"") | J17: =IFERROR(SUMIFS(Data!$F:$F,Data!$B:$B,"แฟชั่น 3",Data!$C:$C,"FS26-0029",Data!$A:$A,DATE(2026,5,8)),"") | K17: =IFERROR(SUMIFS(Data!$F:$F,Data!$B:$B,"แฟชั่น 3",Data!$C:$C,"FS26-0029",Data!$A:$A,DATE(2026,5,9)),"") | L17: =IFERROR(SUMIFS(Data!$F:$F,Data!$B:$B,"แฟชั่น 3",Data!$C:$C,"FS26-0029",Data!$A:$A,DATE(2026,5,10)),"") | M17: =IFERROR(SUMIFS(Data!$F:$F,Data!$B:$B,"แฟชั่น 3",Data!$C:$C,"FS26-0029",Data!$A:$A,DATE(2026,5,11)),"") | N17: =IFERROR(SUMIFS(Data!$F:$F,Data!$B:$B,"แฟชั่น 3",Data!$C:$C,"FS26-0029",Data!$A:$A,DATE(2026,5,12)),"") | O17: =IFERROR(SUMIFS(Data!$F:$F,Data!$B:$B,"แฟชั่น 3",Data!$C:$C,"FS26-0029",Data!$A:$A,DATE(2026,5,13)),"") | P17: =IFERROR(SUMIFS(Data!$F:$F,Data!$B:$B,"แฟชั่น 3",Data!$C:$C,"FS26-0029",Data!$A:$A,DATE(2026,5,14)),"") | Q17: =IFERROR(SUMIFS(Data!$F:$F,Data!$B:$B,"แฟชั่น 3",Data!$C:$C,"FS26-0029",Data!$A:$A,DATE(2026,5,15)),"") | R17: =IFERROR(SUMIFS(Data!$F:$F,Data!$B:$B,"แฟชั่น 3",Data!$C:$C,"FS26-0029",Data!$A:$A,DATE(2026,5,16)),"") | S17: =IFERROR(SUMIFS(Data!$F:$F,Data!$B:$B,"แฟชั่น 3",Data!$C:$C,"FS26-0029",Data!$A:$A,DATE(2026,5,17)),"") | T17: =IFERROR(SUMIFS(Data!$F:$F,Data!$B:$B,"แฟชั่น 3",Data!$C:$C,"FS26-0029",Data!$A:$A,DATE(2026,5,18)),"") | U17: =IFERROR(SUMIFS(Data!$F:$F,Data!$B:$B,"แฟชั่น 3",Data!$C:$C,"FS26-0029",Data!$A:$A,DATE(2026,5,19)),"") | V17: =IFERROR(SUMIFS(Data!$F:$F,Data!$B:$B,"แฟชั่น 3",Data!$C:$C,"FS26-0029",Data!$A:$A,DATE(2026,5,20)),"") | W17: =IFERROR(SUMIFS(Data!$F:$F,Data!$B:$B,"แฟชั่น 3",Data!$C:$C,"FS26-0029",Data!$A:$A,DATE(2026,5,21)),"") | X17: =IFERROR(SUMIFS(Data!$F:$F,Data!$B:$B,"แฟชั่น 3",Data!$C:$C,"FS26-0029",Data!$A:$A,DATE(2026,5,22)),"") | Y17: =IFERROR(SUMIFS(Data!$F:$F,Data!$B:$B,"แฟชั่น 3",Data!$C:$C,"FS26-0029",Data!$A:$A,DATE(2026,5,23)),"") | Z17: =IFERROR(SUMIFS(Data!$F:$F,Data!$B:$B,"แฟชั่น 3",Data!$C:$C,"FS26-0029",Data!$A:$A,DATE(2026,5,24)),"") | AA17: =IFERROR(SUMIFS(Data!$F:$F,Data!$B:$B,"แฟชั่น 3",Data!$C:$C,"FS26-0029",Data!$A:$A,DATE(2026,5,25)),"") | AB17: =IFERROR(SUMIFS(Data!$F:$F,Data!$B:$B,"แฟชั่น 3",Data!$C:$C,"FS26-0029",Data!$A:$A,DATE(2026,5,26)),"") | AC17: =IFERROR(SUMIFS(Data!$F:$F,Data!$B:$B,"แฟชั่น 3",Data!$C:$C,"FS26-0029",Data!$A:$A,DATE(2026,5,27)),"") | AD17: =IFERROR(SUMIFS(Data!$F:$F,Data!$B:$B,"แฟชั่น 3",Data!$C:$C,"FS26-0029",Data!$A:$A,DATE(2026,5,28)),"") | AE17: =IFERROR(SUMIFS(Data!$F:$F,Data!$B:$B,"แฟชั่น 3",Data!$C:$C,"FS26-0029",Data!$A:$A,DATE(2026,5,29)),"") | AF17: =IFERROR(SUMIFS(Data!$F:$F,Data!$B:$B,"แฟชั่น 3",Data!$C:$C,"FS26-0029",Data!$A:$A,DATE(2026,5,30)),"") | AG17: =IFERROR(SUMIFS(Data!$F:$F,Data!$B:$B,"แฟชั่น 3",Data!$C:$C,"FS26-0029",Data!$A:$A,DATE(2026,5,31)),"") | AH17: =IFERROR(SUM(C17:AG17),0) | AI17: =AH17*60 | AJ17: =IFERROR(AI17/AI27,0)
A18: FS26-0031 | B18: เพิ่มตับนุ่ม (เสริม) | C18: =IFERROR(SUMIFS(Data!$F:$F,Data!$B:$B,"แฟชั่น 3",Data!$C:$C,"FS26-0031",Data!$A:$A,DATE(2026,5,1)),"") | D18: =IFERROR(SUMIFS(Data!$F:$F,Data!$B:$B,"แฟชั่น 3",Data!$C:$C,"FS26-0031",Data!$A:$A,DATE(2026,5,2)),"") | E18: =IFERROR(SUMIFS(Data!$F:$F,Data!$B:$B,"แฟชั่น 3",Data!$C:$C,"FS26-0031",Data!$A:$A,DATE(2026,5,3)),"") | F18: =IFERROR(SUMIFS(Data!$F:$F,Data!$B:$B,"แฟชั่น 3",Data!$C:$C,"FS26-0031",Data!$A:$A,DATE(2026,5,4)),"") | G18: =IFERROR(SUMIFS(Data!$F:$F,Data!$B:$B,"แฟชั่น 3",Data!$C:$C,"FS26-0031",Data!$A:$A,DATE(2026,5,5)),"") | H18: =IFERROR(SUMIFS(Data!$F:$F,Data!$B:$B,"แฟชั่น 3",Data!$C:$C,"FS26-0031",Data!$A:$A,DATE(2026,5,6)),"") | I18: =IFERROR(SUMIFS(Data!$F:$F,Data!$B:$B,"แฟชั่น 3",Data!$C:$C,"FS26-0031",Data!$A:$A,DATE(2026,5,7)),"") | J18: =IFERROR(SUMIFS(Data!$F:$F,Data!$B:$B,"แฟชั่น 3",Data!$C:$C,"FS26-0031",Data!$A:$A,DATE(2026,5,8)),"") | K18: =IFERROR(SUMIFS(Data!$F:$F,Data!$B:$B,"แฟชั่น 3",Data!$C:$C,"FS26-0031",Data!$A:$A,DATE(2026,5,9)),"") | L18: =IFERROR(SUMIFS(Data!$F:$F,Data!$B:$B,"แฟชั่น 3",Data!$C:$C,"FS26-0031",Data!$A:$A,DATE(2026,5,10)),"") | M18: =IFERROR(SUMIFS(Data!$F:$F,Data!$B:$B,"แฟชั่น 3",Data!$C:$C,"FS26-0031",Data!$A:$A,DATE(2026,5,11)),"") | N18: =IFERROR(SUMIFS(Data!$F:$F,Data!$B:$B,"แฟชั่น 3",Data!$C:$C,"FS26-0031",Data!$A:$A,DATE(2026,5,12)),"") | O18: =IFERROR(SUMIFS(Data!$F:$F,Data!$B:$B,"แฟชั่น 3",Data!$C:$C,"FS26-0031",Data!$A:$A,DATE(2026,5,13)),"") | P18: =IFERROR(SUMIFS(Data!$F:$F,Data!$B:$B,"แฟชั่น 3",Data!$C:$C,"FS26-0031",Data!$A:$A,DATE(2026,5,14)),"") | Q18: =IFERROR(SUMIFS(Data!$F:$F,Data!$B:$B,"แฟชั่น 3",Data!$C:$C,"FS26-0031",Data!$A:$A,DATE(2026,5,15)),"") | R18: =IFERROR(SUMIFS(Data!$F:$F,Data!$B:$B,"แฟชั่น 3",Data!$C:$C,"FS26-0031",Data!$A:$A,DATE(2026,5,16)),"") | S18: =IFERROR(SUMIFS(Data!$F:$F,Data!$B:$B,"แฟชั่น 3",Data!$C:$C,"FS26-0031",Data!$A:$A,DATE(2026,5,17)),"") | T18: =IFERROR(SUMIFS(Data!$F:$F,Data!$B:$B,"แฟชั่น 3",Data!$C:$C,"FS26-0031",Data!$A:$A,DATE(2026,5,18)),"") | U18: =IFERROR(SUMIFS(Data!$F:$F,Data!$B:$B,"แฟชั่น 3",Data!$C:$C,"FS26-0031",Data!$A:$A,DATE(2026,5,19)),"") | V18: =IFERROR(SUMIFS(Data!$F:$F,Data!$B:$B,"แฟชั่น 3",Data!$C:$C,"FS26-0031",Data!$A:$A,DATE(2026,5,20)),"") | W18: =IFERROR(SUMIFS(Data!$F:$F,Data!$B:$B,"แฟชั่น 3",Data!$C:$C,"FS26-0031",Data!$A:$A,DATE(2026,5,21)),"") | X18: =IFERROR(SUMIFS(Data!$F:$F,Data!$B:$B,"แฟชั่น 3",Data!$C:$C,"FS26-0031",Data!$A:$A,DATE(2026,5,22)),"") | Y18: =IFERROR(SUMIFS(Data!$F:$F,Data!$B:$B,"แฟชั่น 3",Data!$C:$C,"FS26-0031",Data!$A:$A,DATE(2026,5,23)),"") | Z18: =IFERROR(SUMIFS(Data!$F:$F,Data!$B:$B,"แฟชั่น 3",Data!$C:$C,"FS26-0031",Data!$A:$A,DATE(2026,5,24)),"") | AA18: =IFERROR(SUMIFS(Data!$F:$F,Data!$B:$B,"แฟชั่น 3",Data!$C:$C,"FS26-0031",Data!$A:$A,DATE(2026,5,25)),"") | AB18: =IFERROR(SUMIFS(Data!$F:$F,Data!$B:$B,"แฟชั่น 3",Data!$C:$C,"FS26-0031",Data!$A:$A,DATE(2026,5,26)),"") | AC18: =IFERROR(SUMIFS(Data!$F:$F,Data!$B:$B,"แฟชั่น 3",Data!$C:$C,"FS26-0031",Data!$A:$A,DATE(2026,5,27)),"") | AD18: =IFERROR(SUMIFS(Data!$F:$F,Data!$B:$B,"แฟชั่น 3",Data!$C:$C,"FS26-0031",Data!$A:$A,DATE(2026,5,28)),"") | AE18: =IFERROR(SUMIFS(Data!$F:$F,Data!$B:$B,"แฟชั่น 3",Data!$C:$C,"FS26-0031",Data!$A:$A,DATE(2026,5,29)),"") | AF18: =IFERROR(SUMIFS(Data!$F:$F,Data!$B:$B,"แฟชั่น 3",Data!$C:$C,"FS26-0031",Data!$A:$A,DATE(2026,5,30)),"") | AG18: =IFERROR(SUMIFS(Data!$F:$F,Data!$B:$B,"แฟชั่น 3",Data!$C:$C,"FS26-0031",Data!$A:$A,DATE(2026,5,31)),"") | AH18: =IFERROR(SUM(C18:AG18),0) | AI18: =AH18*15 | AJ18: =IFERROR(AI18/AI27,0)
A19: FS26-0034 | B19: พิเศษ A | C19: =IFERROR(SUMIFS(Data!$F:$F,Data!$B:$B,"แฟชั่น 3",Data!$C:$C,"FS26-0034",Data!$A:$A,DATE(2026,5,1)),"") | D19: =IFERROR(SUMIFS(Data!$F:$F,Data!$B:$B,"แฟชั่น 3",Data!$C:$C,"FS26-0034",Data!$A:$A,DATE(2026,5,2)),"") | E19: =IFERROR(SUMIFS(Data!$F:$F,Data!$B:$B,"แฟชั่น 3",Data!$C:$C,"FS26-0034",Data!$A:$A,DATE(2026,5,3)),"") | F19: =IFERROR(SUMIFS(Data!$F:$F,Data!$B:$B,"แฟชั่น 3",Data!$C:$C,"FS26-0034",Data!$A:$A,DATE(2026,5,4)),"") | G19: =IFERROR(SUMIFS(Data!$F:$F,Data!$B:$B,"แฟชั่น 3",Data!$C:$C,"FS26-0034",Data!$A:$A,DATE(2026,5,5)),"") | H19: =IFERROR(SUMIFS(Data!$F:$F,Data!$B:$B,"แฟชั่น 3",Data!$C:$C,"FS26-0034",Data!$A:$A,DATE(2026,5,6)),"") | I19: =IFERROR(SUMIFS(Data!$F:$F,Data!$B:$B,"แฟชั่น 3",Data!$C:$C,"FS26-0034",Data!$A:$A,DATE(2026,5,7)),"") | J19: =IFERROR(SUMIFS(Data!$F:$F,Data!$B:$B,"แฟชั่น 3",Data!$C:$C,"FS26-0034",Data!$A:$A,DATE(2026,5,8)),"") | K19: =IFERROR(SUMIFS(Data!$F:$F,Data!$B:$B,"แฟชั่น 3",Data!$C:$C,"FS26-0034",Data!$A:$A,DATE(2026,5,9)),"") | L19: =IFERROR(SUMIFS(Data!$F:$F,Data!$B:$B,"แฟชั่น 3",Data!$C:$C,"FS26-0034",Data!$A:$A,DATE(2026,5,10)),"") | M19: =IFERROR(SUMIFS(Data!$F:$F,Data!$B:$B,"แฟชั่น 3",Data!$C:$C,"FS26-0034",Data!$A:$A,DATE(2026,5,11)),"") | N19: =IFERROR(SUMIFS(Data!$F:$F,Data!$B:$B,"แฟชั่น 3",Data!$C:$C,"FS26-0034",Data!$A:$A,DATE(2026,5,12)),"") | O19: =IFERROR(SUMIFS(Data!$F:$F,Data!$B:$B,"แฟชั่น 3",Data!$C:$C,"FS26-0034",Data!$A:$A,DATE(2026,5,13)),"") | P19: =IFERROR(SUMIFS(Data!$F:$F,Data!$B:$B,"แฟชั่น 3",Data!$C:$C,"FS26-0034",Data!$A:$A,DATE(2026,5,14)),"") | Q19: =IFERROR(SUMIFS(Data!$F:$F,Data!$B:$B,"แฟชั่น 3",Data!$C:$C,"FS26-0034",Data!$A:$A,DATE(2026,5,15)),"") | R19: =IFERROR(SUMIFS(Data!$F:$F,Data!$B:$B,"แฟชั่น 3",Data!$C:$C,"FS26-0034",Data!$A:$A,DATE(2026,5,16)),"") | S19: =IFERROR(SUMIFS(Data!$F:$F,Data!$B:$B,"แฟชั่น 3",Data!$C:$C,"FS26-0034",Data!$A:$A,DATE(2026,5,17)),"") | T19: =IFERROR(SUMIFS(Data!$F:$F,Data!$B:$B,"แฟชั่น 3",Data!$C:$C,"FS26-0034",Data!$A:$A,DATE(2026,5,18)),"") | U19: =IFERROR(SUMIFS(Data!$F:$F,Data!$B:$B,"แฟชั่น 3",Data!$C:$C,"FS26-0034",Data!$A:$A,DATE(2026,5,19)),"") | V19: =IFERROR(SUMIFS(Data!$F:$F,Data!$B:$B,"แฟชั่น 3",Data!$C:$C,"FS26-0034",Data!$A:$A,DATE(2026,5,20)),"") | W19: =IFERROR(SUMIFS(Data!$F:$F,Data!$B:$B,"แฟชั่น 3",Data!$C:$C,"FS26-0034",Data!$A:$A,DATE(2026,5,21)),"") | X19: =IFERROR(SUMIFS(Data!$F:$F,Data!$B:$B,"แฟชั่น 3",Data!$C:$C,"FS26-0034",Data!$A:$A,DATE(2026,5,22)),"") | Y19: =IFERROR(SUMIFS(Data!$F:$F,Data!$B:$B,"แฟชั่น 3",Data!$C:$C,"FS26-0034",Data!$A:$A,DATE(2026,5,23)),"") | Z19: =IFERROR(SUMIFS(Data!$F:$F,Data!$B:$B,"แฟชั่น 3",Data!$C:$C,"FS26-0034",Data!$A:$A,DATE(2026,5,24)),"") | AA19: =IFERROR(SUMIFS(Data!$F:$F,Data!$B:$B,"แฟชั่น 3",Data!$C:$C,"FS26-0034",Data!$A:$A,DATE(2026,5,25)),"") | AB19: =IFERROR(SUMIFS(Data!$F:$F,Data!$B:$B,"แฟชั่น 3",Data!$C:$C,"FS26-0034",Data!$A:$A,DATE(2026,5,26)),"") | AC19: =IFERROR(SUMIFS(Data!$F:$F,Data!$B:$B,"แฟชั่น 3",Data!$C:$C,"FS26-0034",Data!$A:$A,DATE(2026,5,27)),"") | AD19: =IFERROR(SUMIFS(Data!$F:$F,Data!$B:$B,"แฟชั่น 3",Data!$C:$C,"FS26-0034",Data!$A:$A,DATE(2026,5,28)),"") | AE19: =IFERROR(SUMIFS(Data!$F:$F,Data!$B:$B,"แฟชั่น 3",Data!$C:$C,"FS26-0034",Data!$A:$A,DATE(2026,5,29)),"") | AF19: =IFERROR(SUMIFS(Data!$F:$F,Data!$B:$B,"แฟชั่น 3",Data!$C:$C,"FS26-0034",Data!$A:$A,DATE(2026,5,30)),"") | AG19: =IFERROR(SUMIFS(Data!$F:$F,Data!$B:$B,"แฟชั่น 3",Data!$C:$C,"FS26-0034",Data!$A:$A,DATE(2026,5,31)),"") | AH19: =IFERROR(SUM(C19:AG19),0) | AI19: =AH19*10 | AJ19: =IFERROR(AI19/AI27,0)
A20: FS26-0036 | B20: ข้าวมันไก่จัดเต็ม | C20: =IFERROR(SUMIFS(Data!$F:$F,Data!$B:$B,"แฟชั่น 3",Data!$C:$C,"FS26-0036",Data!$A:$A,DATE(2026,5,1)),"") | D20: =IFERROR(SUMIFS(Data!$F:$F,Data!$B:$B,"แฟชั่น 3",Data!$C:$C,"FS26-0036",Data!$A:$A,DATE(2026,5,2)),"") | E20: =IFERROR(SUMIFS(Data!$F:$F,Data!$B:$B,"แฟชั่น 3",Data!$C:$C,"FS26-0036",Data!$A:$A,DATE(2026,5,3)),"") | F20: =IFERROR(SUMIFS(Data!$F:$F,Data!$B:$B,"แฟชั่น 3",Data!$C:$C,"FS26-0036",Data!$A:$A,DATE(2026,5,4)),"") | G20: =IFERROR(SUMIFS(Data!$F:$F,Data!$B:$B,"แฟชั่น 3",Data!$C:$C,"FS26-0036",Data!$A:$A,DATE(2026,5,5)),"") | H20: =IFERROR(SUMIFS(Data!$F:$F,Data!$B:$B,"แฟชั่น 3",Data!$C:$C,"FS26-0036",Data!$A:$A,DATE(2026,5,6)),"") | I20: =IFERROR(SUMIFS(Data!$F:$F,Data!$B:$B,"แฟชั่น 3",Data!$C:$C,"FS26-0036",Data!$A:$A,DATE(2026,5,7)),"") | J20: =IFERROR(SUMIFS(Data!$F:$F,Data!$B:$B,"แฟชั่น 3",Data!$C:$C,"FS26-0036",Data!$A:$A,DATE(2026,5,8)),"") | K20: =IFERROR(SUMIFS(Data!$F:$F,Data!$B:$B,"แฟชั่น 3",Data!$C:$C,"FS26-0036",Data!$A:$A,DATE(2026,5,9)),"") | L20: =IFERROR(SUMIFS(Data!$F:$F,Data!$B:$B,"แฟชั่น 3",Data!$C:$C,"FS26-0036",Data!$A:$A,DATE(2026,5,10)),"") | M20: =IFERROR(SUMIFS(Data!$F:$F,Data!$B:$B,"แฟชั่น 3",Data!$C:$C,"FS26-0036",Data!$A:$A,DATE(2026,5,11)),"") | N20: =IFERROR(SUMIFS(Data!$F:$F,Data!$B:$B,"แฟชั่น 3",Data!$C:$C,"FS26-0036",Data!$A:$A,DATE(2026,5,12)),"") | O20: =IFERROR(SUMIFS(Data!$F:$F,Data!$B:$B,"แฟชั่น 3",Data!$C:$C,"FS26-0036",Data!$A:$A,DATE(2026,5,13)),"") | P20: =IFERROR(SUMIFS(Data!$F:$F,Data!$B:$B,"แฟชั่น 3",Data!$C:$C,"FS26-0036",Data!$A:$A,DATE(2026,5,14)),"") | Q20: =IFERROR(SUMIFS(Data!$F:$F,Data!$B:$B,"แฟชั่น 3",Data!$C:$C,"FS26-0036",Data!$A:$A,DATE(2026,5,15)),"") | R20: =IFERROR(SUMIFS(Data!$F:$F,Data!$B:$B,"แฟชั่น 3",Data!$C:$C,"FS26-0036",Data!$A:$A,DATE(2026,5,16)),"") | S20: =IFERROR(SUMIFS(Data!$F:$F,Data!$B:$B,"แฟชั่น 3",Data!$C:$C,"FS26-0036",Data!$A:$A,DATE(2026,5,17)),"") | T20: =IFERROR(SUMIFS(Data!$F:$F,Data!$B:$B,"แฟชั่น 3",Data!$C:$C,"FS26-0036",Data!$A:$A,DATE(2026,5,18)),"") | U20: =IFERROR(SUMIFS(Data!$F:$F,Data!$B:$B,"แฟชั่น 3",Data!$C:$C,"FS26-0036",Data!$A:$A,DATE(2026,5,19)),"") | V20: =IFERROR(SUMIFS(Data!$F:$F,Data!$B:$B,"แฟชั่น 3",Data!$C:$C,"FS26-0036",Data!$A:$A,DATE(2026,5,20)),"") | W20: =IFERROR(SUMIFS(Data!$F:$F,Data!$B:$B,"แฟชั่น 3",Data!$C:$C,"FS26-0036",Data!$A:$A,DATE(2026,5,21)),"") | X20: =IFERROR(SUMIFS(Data!$F:$F,Data!$B:$B,"แฟชั่น 3",Data!$C:$C,"FS26-0036",Data!$A:$A,DATE(2026,5,22)),"") | Y20: =IFERROR(SUMIFS(Data!$F:$F,Data!$B:$B,"แฟชั่น 3",Data!$C:$C,"FS26-0036",Data!$A:$A,DATE(2026,5,23)),"") | Z20: =IFERROR(SUMIFS(Data!$F:$F,Data!$B:$B,"แฟชั่น 3",Data!$C:$C,"FS26-0036",Data!$A:$A,DATE(2026,5,24)),"") | AA20: =IFERROR(SUMIFS(Data!$F:$F,Data!$B:$B,"แฟชั่น 3",Data!$C:$C,"FS26-0036",Data!$A:$A,DATE(2026,5,25)),"") | AB20: =IFERROR(SUMIFS(Data!$F:$F,Data!$B:$B,"แฟชั่น 3",Data!$C:$C,"FS26-0036",Data!$A:$A,DATE(2026,5,26)),"") | AC20: =IFERROR(SUMIFS(Data!$F:$F,Data!$B:$B,"แฟชั่น 3",Data!$C:$C,"FS26-0036",Data!$A:$A,DATE(2026,5,27)),"") | AD20: =IFERROR(SUMIFS(Data!$F:$F,Data!$B:$B,"แฟชั่น 3",Data!$C:$C,"FS26-0036",Data!$A:$A,DATE(2026,5,28)),"") | AE20: =IFERROR(SUMIFS(Data!$F:$F,Data!$B:$B,"แฟชั่น 3",Data!$C:$C,"FS26-0036",Data!$A:$A,DATE(2026,5,29)),"") | AF20: =IFERROR(SUMIFS(Data!$F:$F,Data!$B:$B,"แฟชั่น 3",Data!$C:$C,"FS26-0036",Data!$A:$A,DATE(2026,5,30)),"") | AG20: =IFERROR(SUMIFS(Data!$F:$F,Data!$B:$B,"แฟชั่น 3",Data!$C:$C,"FS26-0036",Data!$A:$A,DATE(2026,5,31)),"") | AH20: =IFERROR(SUM(C20:AG20),0) | AI20: =AH20*80 | AJ20: =IFERROR(AI20/AI27,0)
A21: FS26-0037 | B21: ข้าวมันไก่ย่าง | C21: =IFERROR(SUMIFS(Data!$F:$F,Data!$B:$B,"แฟชั่น 3",Data!$C:$C,"FS26-0037",Data!$A:$A,DATE(2026,5,1)),"") | D21: =IFERROR(SUMIFS(Data!$F:$F,Data!$B:$B,"แฟชั่น 3",Data!$C:$C,"FS26-0037",Data!$A:$A,DATE(2026,5,2)),"") | E21: =IFERROR(SUMIFS(Data!$F:$F,Data!$B:$B,"แฟชั่น 3",Data!$C:$C,"FS26-0037",Data!$A:$A,DATE(2026,5,3)),"") | F21: =IFERROR(SUMIFS(Data!$F:$F,Data!$B:$B,"แฟชั่น 3",Data!$C:$C,"FS26-0037",Data!$A:$A,DATE(2026,5,4)),"") | G21: =IFERROR(SUMIFS(Data!$F:$F,Data!$B:$B,"แฟชั่น 3",Data!$C:$C,"FS26-0037",Data!$A:$A,DATE(2026,5,5)),"") | H21: =IFERROR(SUMIFS(Data!$F:$F,Data!$B:$B,"แฟชั่น 3",Data!$C:$C,"FS26-0037",Data!$A:$A,DATE(2026,5,6)),"") | I21: =IFERROR(SUMIFS(Data!$F:$F,Data!$B:$B,"แฟชั่น 3",Data!$C:$C,"FS26-0037",Data!$A:$A,DATE(2026,5,7)),"") | J21: =IFERROR(SUMIFS(Data!$F:$F,Data!$B:$B,"แฟชั่น 3",Data!$C:$C,"FS26-0037",Data!$A:$A,DATE(2026,5,8)),"") | K21: =IFERROR(SUMIFS(Data!$F:$F,Data!$B:$B,"แฟชั่น 3",Data!$C:$C,"FS26-0037",Data!$A:$A,DATE(2026,5,9)),"") | L21: =IFERROR(SUMIFS(Data!$F:$F,Data!$B:$B,"แฟชั่น 3",Data!$C:$C,"FS26-0037",Data!$A:$A,DATE(2026,5,10)),"") | M21: =IFERROR(SUMIFS(Data!$F:$F,Data!$B:$B,"แฟชั่น 3",Data!$C:$C,"FS26-0037",Data!$A:$A,DATE(2026,5,11)),"") | N21: =IFERROR(SUMIFS(Data!$F:$F,Data!$B:$B,"แฟชั่น 3",Data!$C:$C,"FS26-0037",Data!$A:$A,DATE(2026,5,12)),"") | O21: =IFERROR(SUMIFS(Data!$F:$F,Data!$B:$B,"แฟชั่น 3",Data!$C:$C,"FS26-0037",Data!$A:$A,DATE(2026,5,13)),"") | P21: =IFERROR(SUMIFS(Data!$F:$F,Data!$B:$B,"แฟชั่น 3",Data!$C:$C,"FS26-0037",Data!$A:$A,DATE(2026,5,14)),"") | Q21: =IFERROR(SUMIFS(Data!$F:$F,Data!$B:$B,"แฟชั่น 3",Data!$C:$C,"FS26-0037",Data!$A:$A,DATE(2026,5,15)),"") | R21: =IFERROR(SUMIFS(Data!$F:$F,Data!$B:$B,"แฟชั่น 3",Data!$C:$C,"FS26-0037",Data!$A:$A,DATE(2026,5,16)),"") | S21: =IFERROR(SUMIFS(Data!$F:$F,Data!$B:$B,"แฟชั่น 3",Data!$C:$C,"FS26-0037",Data!$A:$A,DATE(2026,5,17)),"") | T21: =IFERROR(SUMIFS(Data!$F:$F,Data!$B:$B,"แฟชั่น 3",Data!$C:$C,"FS26-0037",Data!$A:$A,DATE(2026,5,18)),"") | U21: =IFERROR(SUMIFS(Data!$F:$F,Data!$B:$B,"แฟชั่น 3",Data!$C:$C,"FS26-0037",Data!$A:$A,DATE(2026,5,19)),"") | V21: =IFERROR(SUMIFS(Data!$F:$F,Data!$B:$B,"แฟชั่น 3",Data!$C:$C,"FS26-0037",Data!$A:$A,DATE(2026,5,20)),"") | W21: =IFERROR(SUMIFS(Data!$F:$F,Data!$B:$B,"แฟชั่น 3",Data!$C:$C,"FS26-0037",Data!$A:$A,DATE(2026,5,21)),"") | X21: =IFERROR(SUMIFS(Data!$F:$F,Data!$B:$B,"แฟชั่น 3",Data!$C:$C,"FS26-0037",Data!$A:$A,DATE(2026,5,22)),"") | Y21: =IFERROR(SUMIFS(Data!$F:$F,Data!$B:$B,"แฟชั่น 3",Data!$C:$C,"FS26-0037",Data!$A:$A,DATE(2026,5,23)),"") | Z21: =IFERROR(SUMIFS(Data!$F:$F,Data!$B:$B,"แฟชั่น 3",Data!$C:$C,"FS26-0037",Data!$A:$A,DATE(2026,5,24)),"") | AA21: =IFERROR(SUMIFS(Data!$F:$F,Data!$B:$B,"แฟชั่น 3",Data!$C:$C,"FS26-0037",Data!$A:$A,DATE(2026,5,25)),"") | AB21: =IFERROR(SUMIFS(Data!$F:$F,Data!$B:$B,"แฟชั่น 3",Data!$C:$C,"FS26-0037",Data!$A:$A,DATE(2026,5,26)),"") | AC21: =IFERROR(SUMIFS(Data!$F:$F,Data!$B:$B,"แฟชั่น 3",Data!$C:$C,"FS26-0037",Data!$A:$A,DATE(2026,5,27)),"") | AD21: =IFERROR(SUMIFS(Data!$F:$F,Data!$B:$B,"แฟชั่น 3",Data!$C:$C,"FS26-0037",Data!$A:$A,DATE(2026,5,28)),"") | AE21: =IFERROR(SUMIFS(Data!$F:$F,Data!$B:$B,"แฟชั่น 3",Data!$C:$C,"FS26-0037",Data!$A:$A,DATE(2026,5,29)),"") | AF21: =IFERROR(SUMIFS(Data!$F:$F,Data!$B:$B,"แฟชั่น 3",Data!$C:$C,"FS26-0037",Data!$A:$A,DATE(2026,5,30)),"") | AG21: =IFERROR(SUMIFS(Data!$F:$F,Data!$B:$B,"แฟชั่น 3",Data!$C:$C,"FS26-0037",Data!$A:$A,DATE(2026,5,31)),"") | AH21: =IFERROR(SUM(C21:AG21),0) | AI21: =AH21*60 | AJ21: =IFERROR(AI21/AI27,0)
A22: FS26-0038 | B22: ข้าวแกงกะหรี่ไก่ทอด | C22: =IFERROR(SUMIFS(Data!$F:$F,Data!$B:$B,"แฟชั่น 3",Data!$C:$C,"FS26-0038",Data!$A:$A,DATE(2026,5,1)),"") | D22: =IFERROR(SUMIFS(Data!$F:$F,Data!$B:$B,"แฟชั่น 3",Data!$C:$C,"FS26-0038",Data!$A:$A,DATE(2026,5,2)),"") | E22: =IFERROR(SUMIFS(Data!$F:$F,Data!$B:$B,"แฟชั่น 3",Data!$C:$C,"FS26-0038",Data!$A:$A,DATE(2026,5,3)),"") | F22: =IFERROR(SUMIFS(Data!$F:$F,Data!$B:$B,"แฟชั่น 3",Data!$C:$C,"FS26-0038",Data!$A:$A,DATE(2026,5,4)),"") | G22: =IFERROR(SUMIFS(Data!$F:$F,Data!$B:$B,"แฟชั่น 3",Data!$C:$C,"FS26-0038",Data!$A:$A,DATE(2026,5,5)),"") | H22: =IFERROR(SUMIFS(Data!$F:$F,Data!$B:$B,"แฟชั่น 3",Data!$C:$C,"FS26-0038",Data!$A:$A,DATE(2026,5,6)),"") | I22: =IFERROR(SUMIFS(Data!$F:$F,Data!$B:$B,"แฟชั่น 3",Data!$C:$C,"FS26-0038",Data!$A:$A,DATE(2026,5,7)),"") | J22: =IFERROR(SUMIFS(Data!$F:$F,Data!$B:$B,"แฟชั่น 3",Data!$C:$C,"FS26-0038",Data!$A:$A,DATE(2026,5,8)),"") | K22: =IFERROR(SUMIFS(Data!$F:$F,Data!$B:$B,"แฟชั่น 3",Data!$C:$C,"FS26-0038",Data!$A:$A,DATE(2026,5,9)),"") | L22: =IFERROR(SUMIFS(Data!$F:$F,Data!$B:$B,"แฟชั่น 3",Data!$C:$C,"FS26-0038",Data!$A:$A,DATE(2026,5,10)),"") | M22: =IFERROR(SUMIFS(Data!$F:$F,Data!$B:$B,"แฟชั่น 3",Data!$C:$C,"FS26-0038",Data!$A:$A,DATE(2026,5,11)),"") | N22: =IFERROR(SUMIFS(Data!$F:$F,Data!$B:$B,"แฟชั่น 3",Data!$C:$C,"FS26-0038",Data!$A:$A,DATE(2026,5,12)),"") | O22: =IFERROR(SUMIFS(Data!$F:$F,Data!$B:$B,"แฟชั่น 3",Data!$C:$C,"FS26-0038",Data!$A:$A,DATE(2026,5,13)),"") | P22: =IFERROR(SUMIFS(Data!$F:$F,Data!$B:$B,"แฟชั่น 3",Data!$C:$C,"FS26-0038",Data!$A:$A,DATE(2026,5,14)),"") | Q22: =IFERROR(SUMIFS(Data!$F:$F,Data!$B:$B,"แฟชั่น 3",Data!$C:$C,"FS26-0038",Data!$A:$A,DATE(2026,5,15)),"") | R22: =IFERROR(SUMIFS(Data!$F:$F,Data!$B:$B,"แฟชั่น 3",Data!$C:$C,"FS26-0038",Data!$A:$A,DATE(2026,5,16)),"") | S22: =IFERROR(SUMIFS(Data!$F:$F,Data!$B:$B,"แฟชั่น 3",Data!$C:$C,"FS26-0038",Data!$A:$A,DATE(2026,5,17)),"") | T22: =IFERROR(SUMIFS(Data!$F:$F,Data!$B:$B,"แฟชั่น 3",Data!$C:$C,"FS26-0038",Data!$A:$A,DATE(2026,5,18)),"") | U22: =IFERROR(SUMIFS(Data!$F:$F,Data!$B:$B,"แฟชั่น 3",Data!$C:$C,"FS26-0038",Data!$A:$A,DATE(2026,5,19)),"") | V22: =IFERROR(SUMIFS(Data!$F:$F,Data!$B:$B,"แฟชั่น 3",Data!$C:$C,"FS26-0038",Data!$A:$A,DATE(2026,5,20)),"") | W22: =IFERROR(SUMIFS(Data!$F:$F,Data!$B:$B,"แฟชั่น 3",Data!$C:$C,"FS26-0038",Data!$A:$A,DATE(2026,5,21)),"") | X22: =IFERROR(SUMIFS(Data!$F:$F,Data!$B:$B,"แฟชั่น 3",Data!$C:$C,"FS26-0038",Data!$A:$A,DATE(2026,5,22)),"") | Y22: =IFERROR(SUMIFS(Data!$F:$F,Data!$B:$B,"แฟชั่น 3",Data!$C:$C,"FS26-0038",Data!$A:$A,DATE(2026,5,23)),"") | Z22: =IFERROR(SUMIFS(Data!$F:$F,Data!$B:$B,"แฟชั่น 3",Data!$C:$C,"FS26-0038",Data!$A:$A,DATE(2026,5,24)),"") | AA22: =IFERROR(SUMIFS(Data!$F:$F,Data!$B:$B,"แฟชั่น 3",Data!$C:$C,"FS26-0038",Data!$A:$A,DATE(2026,5,25)),"") | AB22: =IFERROR(SUMIFS(Data!$F:$F,Data!$B:$B,"แฟชั่น 3",Data!$C:$C,"FS26-0038",Data!$A:$A,DATE(2026,5,26)),"") | AC22: =IFERROR(SUMIFS(Data!$F:$F,Data!$B:$B,"แฟชั่น 3",Data!$C:$C,"FS26-0038",Data!$A:$A,DATE(2026,5,27)),"") | AD22: =IFERROR(SUMIFS(Data!$F:$F,Data!$B:$B,"แฟชั่น 3",Data!$C:$C,"FS26-0038",Data!$A:$A,DATE(2026,5,28)),"") | AE22: =IFERROR(SUMIFS(Data!$F:$F,Data!$B:$B,"แฟชั่น 3",Data!$C:$C,"FS26-0038",Data!$A:$A,DATE(2026,5,29)),"") | AF22: =IFERROR(SUMIFS(Data!$F:$F,Data!$B:$B,"แฟชั่น 3",Data!$C:$C,"FS26-0038",Data!$A:$A,DATE(2026,5,30)),"") | AG22: =IFERROR(SUMIFS(Data!$F:$F,Data!$B:$B,"แฟชั่น 3",Data!$C:$C,"FS26-0038",Data!$A:$A,DATE(2026,5,31)),"") | AH22: =IFERROR(SUM(C22:AG22),0) | AI22: =AH22*54 | AJ22: =IFERROR(AI22/AI27,0)
A23: FS26-0039 | B23: ข้าวแกงกะหรี่ปลายทอด | C23: =IFERROR(SUMIFS(Data!$F:$F,Data!$B:$B,"แฟชั่น 3",Data!$C:$C,"FS26-0039",Data!$A:$A,DATE(2026,5,1)),"") | D23: =IFERROR(SUMIFS(Data!$F:$F,Data!$B:$B,"แฟชั่น 3",Data!$C:$C,"FS26-0039",Data!$A:$A,DATE(2026,5,2)),"") | E23: =IFERROR(SUMIFS(Data!$F:$F,Data!$B:$B,"แฟชั่น 3",Data!$C:$C,"FS26-0039",Data!$A:$A,DATE(2026,5,3)),"") | F23: =IFERROR(SUMIFS(Data!$F:$F,Data!$B:$B,"แฟชั่น 3",Data!$C:$C,"FS26-0039",Data!$A:$A,DATE(2026,5,4)),"") | G23: =IFERROR(SUMIFS(Data!$F:$F,Data!$B:$B,"แฟชั่น 3",Data!$C:$C,"FS26-0039",Data!$A:$A,DATE(2026,5,5)),"") | H23: =IFERROR(SUMIFS(Data!$F:$F,Data!$B:$B,"แฟชั่น 3",Data!$C:$C,"FS26-0039",Data!$A:$A,DATE(2026,5,6)),"") | I23: =IFERROR(SUMIFS(Data!$F:$F,Data!$B:$B,"แฟชั่น 3",Data!$C:$C,"FS26-0039",Data!$A:$A,DATE(2026,5,7)),"") | J23: =IFERROR(SUMIFS(Data!$F:$F,Data!$B:$B,"แฟชั่น 3",Data!$C:$C,"FS26-0039",Data!$A:$A,DATE(2026,5,8)),"") | K23: =IFERROR(SUMIFS(Data!$F:$F,Data!$B:$B,"แฟชั่น 3",Data!$C:$C,"FS26-0039",Data!$A:$A,DATE(2026,5,9)),"") | L23: =IFERROR(SUMIFS(Data!$F:$F,Data!$B:$B,"แฟชั่น 3",Data!$C:$C,"FS26-0039",Data!$A:$A,DATE(2026,5,10)),"") | M23: =IFERROR(SUMIFS(Data!$F:$F,Data!$B:$B,"แฟชั่น 3",Data!$C:$C,"FS26-0039",Data!$A:$A,DATE(2026,5,11)),"") | N23: =IFERROR(SUMIFS(Data!$F:$F,Data!$B:$B,"แฟชั่น 3",Data!$C:$C,"FS26-0039",Data!$A:$A,DATE(2026,5,12)),"") | O23: =IFERROR(SUMIFS(Data!$F:$F,Data!$B:$B,"แฟชั่น 3",Data!$C:$C,"FS26-0039",Data!$A:$A,DATE(2026,5,13)),"") | P23: =IFERROR(SUMIFS(Data!$F:$F,Data!$B:$B,"แฟชั่น 3",Data!$C:$C,"FS26-0039",Data!$A:$A,DATE(2026,5,14)),"") | Q23: =IFERROR(SUMIFS(Data!$F:$F,Data!$B:$B,"แฟชั่น 3",Data!$C:$C,"FS26-0039",Data!$A:$A,DATE(2026,5,15)),"") | R23: =IFERROR(SUMIFS(Data!$F:$F,Data!$B:$B,"แฟชั่น 3",Data!$C:$C,"FS26-0039",Data!$A:$A,DATE(2026,5,16)),"") | S23: =IFERROR(SUMIFS(Data!$F:$F,Data!$B:$B,"แฟชั่น 3",Data!$C:$C,"FS26-0039",Data!$A:$A,DATE(2026,5,17)),"") | T23: =IFERROR(SUMIFS(Data!$F:$F,Data!$B:$B,"แฟชั่น 3",Data!$C:$C,"FS26-0039",Data!$A:$A,DATE(2026,5,18)),"") | U23: =IFERROR(SUMIFS(Data!$F:$F,Data!$B:$B,"แฟชั่น 3",Data!$C:$C,"FS26-0039",Data!$A:$A,DATE(2026,5,19)),"") | V23: =IFERROR(SUMIFS(Data!$F:$F,Data!$B:$B,"แฟชั่น 3",Data!$C:$C,"FS26-0039",Data!$A:$A,DATE(2026,5,20)),"") | W23: =IFERROR(SUMIFS(Data!$F:$F,Data!$B:$B,"แฟชั่น 3",Data!$C:$C,"FS26-0039",Data!$A:$A,DATE(2026,5,21)),"") | X23: =IFERROR(SUMIFS(Data!$F:$F,Data!$B:$B,"แฟชั่น 3",Data!$C:$C,"FS26-0039",Data!$A:$A,DATE(2026,5,22)),"") | Y23: =IFERROR(SUMIFS(Data!$F:$F,Data!$B:$B,"แฟชั่น 3",Data!$C:$C,"FS26-0039",Data!$A:$A,DATE(2026,5,23)),"") | Z23: =IFERROR(SUMIFS(Data!$F:$F,Data!$B:$B,"แฟชั่น 3",Data!$C:$C,"FS26-0039",Data!$A:$A,DATE(2026,5,24)),"") | AA23: =IFERROR(SUMIFS(Data!$F:$F,Data!$B:$B,"แฟชั่น 3",Data!$C:$C,"FS26-0039",Data!$A:$A,DATE(2026,5,25)),"") | AB23: =IFERROR(SUMIFS(Data!$F:$F,Data!$B:$B,"แฟชั่น 3",Data!$C:$C,"FS26-0039",Data!$A:$A,DATE(2026,5,26)),"") | AC23: =IFERROR(SUMIFS(Data!$F:$F,Data!$B:$B,"แฟชั่น 3",Data!$C:$C,"FS26-0039",Data!$A:$A,DATE(2026,5,27)),"") | AD23: =IFERROR(SUMIFS(Data!$F:$F,Data!$B:$B,"แฟชั่น 3",Data!$C:$C,"FS26-0039",Data!$A:$A,DATE(2026,5,28)),"") | AE23: =IFERROR(SUMIFS(Data!$F:$F,Data!$B:$B,"แฟชั่น 3",Data!$C:$C,"FS26-0039",Data!$A:$A,DATE(2026,5,29)),"") | AF23: =IFERROR(SUMIFS(Data!$F:$F,Data!$B:$B,"แฟชั่น 3",Data!$C:$C,"FS26-0039",Data!$A:$A,DATE(2026,5,30)),"") | AG23: =IFERROR(SUMIFS(Data!$F:$F,Data!$B:$B,"แฟชั่น 3",Data!$C:$C,"FS26-0039",Data!$A:$A,DATE(2026,5,31)),"") | AH23: =IFERROR(SUM(C23:AG23),0) | AI23: =AH23*45 | AJ23: =IFERROR(AI23/AI27,0)
A24: FS26-0044 | B24: ข้าวไก่ทอดซอสกะเพรา | C24: =IFERROR(SUMIFS(Data!$F:$F,Data!$B:$B,"แฟชั่น 3",Data!$C:$C,"FS26-0044",Data!$A:$A,DATE(2026,5,1)),"") | D24: =IFERROR(SUMIFS(Data!$F:$F,Data!$B:$B,"แฟชั่น 3",Data!$C:$C,"FS26-0044",Data!$A:$A,DATE(2026,5,2)),"") | E24: =IFERROR(SUMIFS(Data!$F:$F,Data!$B:$B,"แฟชั่น 3",Data!$C:$C,"FS26-0044",Data!$A:$A,DATE(2026,5,3)),"") | F24: =IFERROR(SUMIFS(Data!$F:$F,Data!$B:$B,"แฟชั่น 3",Data!$C:$C,"FS26-0044",Data!$A:$A,DATE(2026,5,4)),"") | G24: =IFERROR(SUMIFS(Data!$F:$F,Data!$B:$B,"แฟชั่น 3",Data!$C:$C,"FS26-0044",Data!$A:$A,DATE(2026,5,5)),"") | H24: =IFERROR(SUMIFS(Data!$F:$F,Data!$B:$B,"แฟชั่น 3",Data!$C:$C,"FS26-0044",Data!$A:$A,DATE(2026,5,6)),"") | I24: =IFERROR(SUMIFS(Data!$F:$F,Data!$B:$B,"แฟชั่น 3",Data!$C:$C,"FS26-0044",Data!$A:$A,DATE(2026,5,7)),"") | J24: =IFERROR(SUMIFS(Data!$F:$F,Data!$B:$B,"แฟชั่น 3",Data!$C:$C,"FS26-0044",Data!$A:$A,DATE(2026,5,8)),"") | K24: =IFERROR(SUMIFS(Data!$F:$F,Data!$B:$B,"แฟชั่น 3",Data!$C:$C,"FS26-0044",Data!$A:$A,DATE(2026,5,9)),"") | L24: =IFERROR(SUMIFS(Data!$F:$F,Data!$B:$B,"แฟชั่น 3",Data!$C:$C,"FS26-0044",Data!$A:$A,DATE(2026,5,10)),"") | M24: =IFERROR(SUMIFS(Data!$F:$F,Data!$B:$B,"แฟชั่น 3",Data!$C:$C,"FS26-0044",Data!$A:$A,DATE(2026,5,11)),"") | N24: =IFERROR(SUMIFS(Data!$F:$F,Data!$B:$B,"แฟชั่น 3",Data!$C:$C,"FS26-0044",Data!$A:$A,DATE(2026,5,12)),"") | O24: =IFERROR(SUMIFS(Data!$F:$F,Data!$B:$B,"แฟชั่น 3",Data!$C:$C,"FS26-0044",Data!$A:$A,DATE(2026,5,13)),"") | P24: =IFERROR(SUMIFS(Data!$F:$F,Data!$B:$B,"แฟชั่น 3",Data!$C:$C,"FS26-0044",Data!$A:$A,DATE(2026,5,14)),"") | Q24: =IFERROR(SUMIFS(Data!$F:$F,Data!$B:$B,"แฟชั่น 3",Data!$C:$C,"FS26-0044",Data!$A:$A,DATE(2026,5,15)),"") | R24: =IFERROR(SUMIFS(Data!$F:$F,Data!$B:$B,"แฟชั่น 3",Data!$C:$C,"FS26-0044",Data!$A:$A,DATE(2026,5,16)),"") | S24: =IFERROR(SUMIFS(Data!$F:$F,Data!$B:$B,"แฟชั่น 3",Data!$C:$C,"FS26-0044",Data!$A:$A,DATE(2026,5,17)),"") | T24: =IFERROR(SUMIFS(Data!$F:$F,Data!$B:$B,"แฟชั่น 3",Data!$C:$C,"FS26-0044",Data!$A:$A,DATE(2026,5,18)),"") | U24: =IFERROR(SUMIFS(Data!$F:$F,Data!$B:$B,"แฟชั่น 3",Data!$C:$C,"FS26-0044",Data!$A:$A,DATE(2026,5,19)),"") | V24: =IFERROR(SUMIFS(Data!$F:$F,Data!$B:$B,"แฟชั่น 3",Data!$C:$C,"FS26-0044",Data!$A:$A,DATE(2026,5,20)),"") | W24: =IFERROR(SUMIFS(Data!$F:$F,Data!$B:$B,"แฟชั่น 3",Data!$C:$C,"FS26-0044",Data!$A:$A,DATE(2026,5,21)),"") | X24: =IFERROR(SUMIFS(Data!$F:$F,Data!$B:$B,"แฟชั่น 3",Data!$C:$C,"FS26-0044",Data!$A:$A,DATE(2026,5,22)),"") | Y24: =IFERROR(SUMIFS(Data!$F:$F,Data!$B:$B,"แฟชั่น 3",Data!$C:$C,"FS26-0044",Data!$A:$A,DATE(2026,5,23)),"") | Z24: =IFERROR(SUMIFS(Data!$F:$F,Data!$B:$B,"แฟชั่น 3",Data!$C:$C,"FS26-0044",Data!$A:$A,DATE(2026,5,24)),"") | AA24: =IFERROR(SUMIFS(Data!$F:$F,Data!$B:$B,"แฟชั่น 3",Data!$C:$C,"FS26-0044",Data!$A:$A,DATE(2026,5,25)),"") | AB24: =IFERROR(SUMIFS(Data!$F:$F,Data!$B:$B,"แฟชั่น 3",Data!$C:$C,"FS26-0044",Data!$A:$A,DATE(2026,5,26)),"") | AC24: =IFERROR(SUMIFS(Data!$F:$F,Data!$B:$B,"แฟชั่น 3",Data!$C:$C,"FS26-0044",Data!$A:$A,DATE(2026,5,27)),"") | AD24: =IFERROR(SUMIFS(Data!$F:$F,Data!$B:$B,"แฟชั่น 3",Data!$C:$C,"FS26-0044",Data!$A:$A,DATE(2026,5,28)),"") | AE24: =IFERROR(SUMIFS(Data!$F:$F,Data!$B:$B,"แฟชั่น 3",Data!$C:$C,"FS26-0044",Data!$A:$A,DATE(2026,5,29)),"") | AF24: =IFERROR(SUMIFS(Data!$F:$F,Data!$B:$B,"แฟชั่น 3",Data!$C:$C,"FS26-0044",Data!$A:$A,DATE(2026,5,30)),"") | AG24: =IFERROR(SUMIFS(Data!$F:$F,Data!$B:$B,"แฟชั่น 3",Data!$C:$C,"FS26-0044",Data!$A:$A,DATE(2026,5,31)),"") | AH24: =IFERROR(SUM(C24:AG24),0) | AI24: =AH24*60 | AJ24: =IFERROR(AI24/AI27,0)
